section,ticker,date_t,date_t1,reading,real_news,baseline_generated_news,finetuned_generated_news,baseline_sentiment,finetuned_sentiment,baseline_direction_correct,finetuned_direction_correct,baseline_rougeL,finetuned_rougeL
Fine-tuning improves semantic alignment,AMD,2023-06-20,2023-06-21,"El fine-tuned logra match semantico donde GPT-2 base no, y ademas produce una narrativa mas cercana al dominio.","- Noteworthy Wednesday Option Activity: SBGI, AMD, HUM
- Unusual Options Activity and Flow in Advanced Micro Devices (AMD)","AMD has been in talks with Intel about their next generation of CPUs and GPUs (the new chips are expected by early 2017). It is believed that they will be able offer more than just an ""AI"" chip but also include some other features such as intelligent computing capabilities like GPU acceleration which could allow them access into markets where there isn't much demand from traditional CPU vendors due mainly because it would require less power consumption compared against current processors on average at around 1GHz per core while still being capable enough under normal conditions without any additional cost associated costs related hardware development etc. However this may not happen until after","...And More on Intel and Advanced Micro Devices (AMD) in Q1 Earnings Conference Call Transcripts Posted Today by Micron Technology News Service On Mar 21st., 2015 at 10 AM ET Share [Read more...]",positive,neutral,False,False,0.0305343511450381,0.1785714285714285
Financial metric can be misleading,AMD,2023-05-03,2023-05-04,GPT-2 base acierta la direccion pero con una narrativa semanticamente pobre; esto muestra por que directional accuracy sola no alcanza.,"- Why Advanced Micro Devices Stock Zoomed Higher on AI News Today
- Qualcomm amplifies chip gloom with 'sobering report'","-- 10/20 at 11 AM EDT | CNBC Newsroom – ""The Dow Jones Industrial Average has fallen by more than 1 percent since its peak in late September and now stands just shy a point above record highs.""","... Intel's New Chips Could Make It a Winner in 2020 and Beyond
3 Reasons To Invest $100 In NVIDIA Today! 1), 3 Ways You Can Play Crypto",negative,neutral,True,False,0.0,0.0350877192982456
Best fine-tuned textual example,NVDA,2023-12-14,2023-12-15,Caso con mayor ROUGE-L del run fine-tuneado NVDA+AMD; util para mostrar que el modelo aprende formato y vocabulario financiero.,"- 3 Growth Stocks to Buy and Hold Forever
- Why Intel Stock Popped Today","1st day - 10/30 at 11am EST | 1pm PST / 2pm EDT

...and more news from around the world here .","- Why AMD Is a Buy Now and Hold On Forever...and What It Means For NVIDIA Investors Today

/rblinkflux via CNBC / Bloomberg",neutral,neutral,True,False,0.0625,0.2325581395348837
Fine-tuned failure case,NVDA,2023-08-10,2023-08-11,Fallo claro del modelo fine-tuneado; conviene mostrarlo para que la defensa sea critica y no triunfalista.,"- 3 Stocks That Could Make You a Millionaire by 2024
- US STOCKS-S&P 500, Nasdaq fall as megacaps slide after producer prices data",1) New York Times reports that Apple is considering buying back its stock at $3 per share (or about 2% above current market value). It's not clear if it will do so before next year but there are signs they may have already done just such an deal with Facebook last week .  I'm sure we'll see more details soon...,"... 2 Biggest Upside Charts For Wednesday Morning Market Share : AMD (NASDAQV), NVIDIA (NVDC) AND TSLA NKEYS",neutral,neutral,False,False,0.0697674418604651,0.0
Best directional-features example,NVDA,2023-11-03,2023-11-04,"Ejemplo del run con features direccionales: senal correcta con cobertura total, util para discutir la variante mas orientada a la metrica financiera.","- These 2 Artificial Intelligence (AI) Stocks Have a Lot to Prove Before I'm Willing to Buy
- 1 Massive Reason to Buy Nvidia Stock Right Now, and It's Not Artificial Intelligence (AI)",,-- The Top 50 Most Valuable Stock Companies Of All Time -- Why You Should Invest $250 Today And Buy Now...and Keep It For a Long Term,,neutral,,True,,0.1694915254237288
