ticker,date_t,date_t1,target_market_date,real_label,generated_label,target_direction_label,generated_direction_label,real_signal,generated_signal,actual_direction,actual_return_1d,generated_direction_correct,real_direction_correct,abs_return_1d,volatility_bucket
AMD,2023-04-17,2023-04-18,2023-04-18,neutral,positive,down,down,0,-1,-1,-0.0010014906479857,True,False,0.0010014906479857,low
NVDA,2023-04-17,2023-04-18,2023-04-18,positive,positive,up,down,1,-1,1,0.0246277678787441,False,True,0.0246277678787441,high
AMD,2023-04-18,2023-04-19,2023-04-19,negative,negative,up,down,-1,-1,1,0.0017821749196356,False,False,0.0017821749196356,low
NVDA,2023-04-18,2023-04-19,2023-04-19,positive,positive,up,down,1,-1,1,0.0095420515672839,False,True,0.0095420515672839,low
AMD,2023-04-19,2023-04-20,2023-04-20,neutral,neutral,up,down,0,-1,1,0.0018901285782826,False,False,0.0018901285782826,low
NVDA,2023-04-19,2023-04-20,2023-04-20,neutral,negative,down,down,0,-1,-1,-0.0296086667693716,True,False,0.0296086667693716,high
AMD,2023-04-20,2023-04-21,2023-04-21,neutral,neutral,down,down,0,-1,-1,-0.0186438829630058,True,False,0.0186438829630058,high
NVDA,2023-04-20,2023-04-21,2023-04-21,neutral,neutral,flat,down,0,-1,1,0.0005534013281349,False,False,0.0005534013281349,low
NVDA,2023-04-21,2023-04-22,2023-04-24,neutral,neutral,down,down,0,-1,-1,-0.0028393254094796,True,False,0.0028393254094796,low
AMD,2023-04-24,2023-04-25,2023-04-25,neutral,neutral,down,down,0,-1,-1,-0.0430512350828434,True,False,0.0430512350828434,high
NVDA,2023-04-24,2023-04-25,2023-04-25,positive,positive,down,down,1,-1,-1,-0.0296206123998398,True,False,0.0296206123998398,high
AMD,2023-04-25,2023-04-26,2023-04-26,neutral,neutral,up,down,0,-1,1,0.0255369846266795,False,False,0.0255369846266795,high
NVDA,2023-04-25,2023-04-26,2023-04-26,negative,negative,up,down,-1,-1,1,0.0272474438394803,False,False,0.0272474438394803,high
AMD,2023-04-26,2023-04-27,2023-04-27,neutral,neutral,up,down,0,-1,1,0.0174540372048825,False,False,0.0174540372048825,high
NVDA,2023-04-26,2023-04-27,2023-04-27,positive,neutral,up,down,1,-1,1,0.0100163401109214,False,True,0.0100163401109214,low
AMD,2023-04-27,2023-04-28,2023-04-28,neutral,neutral,up,down,0,-1,1,0.0220722810074152,False,False,0.0220722810074152,high
NVDA,2023-04-27,2023-04-28,2023-04-28,positive,negative,up,down,1,-1,1,0.0192096055383588,False,True,0.0192096055383588,high
NVDA,2023-04-28,2023-04-29,2023-05-01,positive,positive,up,down,1,-1,1,0.0418393194389952,False,True,0.0418393194389952,high
AMD,2023-05-01,2023-05-02,2023-05-02,negative,neutral,up,down,-1,-1,1,0.00245290684262,False,False,0.00245290684262,low
NVDA,2023-05-01,2023-05-02,2023-05-02,negative,neutral,down,down,-1,-1,-1,-0.0242131015784876,True,True,0.0242131015784876,high
AMD,2023-05-02,2023-05-03,2023-05-03,neutral,positive,down,down,0,-1,-1,-0.0922033208527272,True,False,0.0922033208527272,high
NVDA,2023-05-02,2023-05-03,2023-05-03,positive,neutral,down,down,1,-1,-1,-0.0144629227911198,True,False,0.0144629227911198,low
AMD,2023-05-03,2023-05-04,2023-05-04,positive,negative,up,down,1,-1,1,0.0611369480011259,False,True,0.0611369480011259,high
NVDA,2023-05-03,2023-05-04,2023-05-04,positive,neutral,down,down,1,-1,-1,-0.0086324642372132,True,False,0.0086324642372132,low
AMD,2023-05-04,2023-05-05,2023-05-05,neutral,positive,up,down,0,-1,1,0.0372935654633053,False,False,0.0372935654633053,high
NVDA,2023-05-04,2023-05-05,2023-05-05,neutral,neutral,up,down,0,-1,1,0.0405630948181043,False,False,0.0405630948181043,high
AMD,2023-05-05,2023-05-06,2023-05-08,negative,negative,up,down,-1,-1,1,0.0578807300712631,False,False,0.0578807300712631,high
AMD,2023-05-08,2023-05-09,2023-05-09,neutral,positive,flat,down,0,-1,1,0.0002104023871398,False,False,0.0002104023871398,low
NVDA,2023-05-08,2023-05-09,2023-05-09,neutral,negative,down,down,0,-1,-1,-0.0198963995137507,True,False,0.0198963995137507,high
AMD,2023-05-09,2023-05-10,2023-05-10,negative,negative,up,down,-1,-1,1,0.0206185475995257,False,False,0.0206185475995257,high
NVDA,2023-05-09,2023-05-10,2023-05-10,neutral,neutral,up,down,0,-1,1,0.0109902030998239,False,False,0.0109902030998239,low
AMD,2023-05-10,2023-05-11,2023-05-11,neutral,positive,flat,down,0,-1,1,0.000824591154636,False,False,0.000824591154636,low
NVDA,2023-05-10,2023-05-11,2023-05-11,neutral,neutral,down,down,0,-1,-1,-0.010628392295619,True,False,0.010628392295619,low
AMD,2023-05-11,2023-05-12,2023-05-12,neutral,neutral,down,down,0,-1,-1,-0.0189494991432056,True,False,0.0189494991432056,high
NVDA,2023-05-11,2023-05-12,2023-05-12,positive,neutral,down,down,1,-1,-1,-0.0083280484908933,True,False,0.0083280484908933,low
NVDA,2023-05-12,2023-05-13,2023-05-15,neutral,positive,up,down,0,-1,1,0.0216301679287875,False,False,0.0216301679287875,high
AMD,2023-05-15,2023-05-16,2023-05-16,neutral,positive,up,up,0,1,1,0.0418891351862109,True,False,0.0418891351862109,high
NVDA,2023-05-15,2023-05-16,2023-05-16,neutral,negative,up,down,0,-1,1,0.0089800793295786,False,False,0.0089800793295786,low
AMD,2023-05-16,2023-05-17,2023-05-17,neutral,positive,up,down,0,-1,1,0.0223689058728366,False,False,0.0223689058728366,high
NVDA,2023-05-16,2023-05-17,2023-05-17,neutral,neutral,up,down,0,-1,1,0.0330332445918573,False,False,0.0330332445918573,high
AMD,2023-05-17,2023-05-18,2023-05-18,positive,negative,up,down,1,-1,1,0.0402891595679593,False,True,0.0402891595679593,high
NVDA,2023-05-17,2023-05-18,2023-05-18,positive,negative,up,down,1,-1,1,0.049705084002535,False,True,0.049705084002535,high
AMD,2023-05-18,2023-05-19,2023-05-19,neutral,neutral,down,down,0,-1,-1,-0.0195497137439587,True,False,0.0195497137439587,high
NVDA,2023-05-18,2023-05-19,2023-05-19,negative,negative,down,down,-1,-1,-1,-0.0130689931206476,True,True,0.0130689931206476,low
AMD,2023-05-22,2023-05-23,2023-05-23,neutral,neutral,up,up,0,1,1,0.0011111365424261,True,False,0.0011111365424261,low
NVDA,2023-05-22,2023-05-23,2023-05-23,neutral,positive,down,down,0,-1,-1,-0.0156530940606856,True,False,0.0156530940606856,low
AMD,2023-05-23,2023-05-24,2023-05-24,neutral,positive,up,up,0,1,1,0.0013872909052354,True,False,0.0013872909052354,low
NVDA,2023-05-23,2023-05-24,2023-05-24,neutral,positive,down,down,0,-1,-1,-0.0048878916799,True,False,0.0048878916799,low
AMD,2023-05-24,2023-05-25,2023-05-25,positive,positive,up,up,1,1,1,0.1115729399242415,True,True,0.1115729399242415,high
NVDA,2023-05-24,2023-05-25,2023-05-25,neutral,positive,up,down,0,-1,1,0.2436963589428,False,False,0.2436963589428,high
AMD,2023-05-25,2023-05-26,2023-05-26,neutral,positive,up,up,0,1,1,0.0555047809710789,True,False,0.0555047809710789,high
NVDA,2023-05-25,2023-05-26,2023-05-26,neutral,neutral,up,down,0,-1,1,0.0254344290393482,False,False,0.0254344290393482,high
AMD,2023-05-26,2023-05-27,2023-05-30,neutral,neutral,down,down,0,-1,-1,-0.0138550118329789,True,False,0.0138550118329789,low
NVDA,2023-05-26,2023-05-27,2023-05-30,neutral,positive,up,down,0,-1,1,0.0299132373308677,False,False,0.0299132373308677,high
AMD,2023-05-30,2023-05-31,2023-05-31,neutral,neutral,down,down,0,-1,-1,-0.0563582481662381,True,False,0.0563582481662381,high
NVDA,2023-05-30,2023-05-31,2023-05-31,negative,positive,down,down,-1,-1,-1,-0.0567674808352143,True,True,0.0567674808352143,high
AMD,2023-05-31,2023-06-01,2023-06-01,positive,neutral,up,up,1,1,1,0.0106590148548268,True,True,0.0106590148548268,low
NVDA,2023-05-31,2023-06-01,2023-06-01,positive,neutral,up,down,1,-1,1,0.0511709267514395,False,True,0.0511709267514395,high
AMD,2023-06-01,2023-06-02,2023-06-02,positive,neutral,down,up,1,1,-1,-0.0134761914614642,False,False,0.0134761914614642,low
NVDA,2023-06-01,2023-06-02,2023-06-02,neutral,positive,down,down,0,-1,-1,-0.0111390693577563,True,False,0.0111390693577563,low
AMD,2023-06-02,2023-06-03,2023-06-05,neutral,positive,flat,up,0,1,1,0.0005939224033744,True,False,0.0005939224033744,low
NVDA,2023-06-02,2023-06-03,2023-06-05,neutral,positive,down,down,0,-1,-1,-0.0039666954334697,True,False,0.0039666954334697,low
AMD,2023-06-05,2023-06-06,2023-06-06,negative,neutral,up,up,-1,1,1,0.0534215469808772,True,False,0.0534215469808772,high
NVDA,2023-06-05,2023-06-06,2023-06-06,positive,neutral,down,down,1,-1,-1,-0.0131985930096705,True,False,0.0131985930096705,low
AMD,2023-06-06,2023-06-07,2023-06-07,neutral,neutral,down,up,0,1,-1,-0.0515173577472314,False,False,0.0515173577472314,high
NVDA,2023-06-06,2023-06-07,2023-06-07,positive,positive,down,down,1,-1,-1,-0.0305013937747818,True,False,0.0305013937747818,high
AMD,2023-06-07,2023-06-08,2023-06-08,positive,neutral,up,up,1,1,1,0.0273275156637948,True,True,0.0273275156637948,high
NVDA,2023-06-07,2023-06-08,2023-06-08,neutral,positive,up,down,0,-1,1,0.0276184093276705,False,False,0.0276184093276705,high
AMD,2023-06-08,2023-06-09,2023-06-09,neutral,neutral,up,down,0,-1,1,0.031970219079902,False,False,0.031970219079902,high
NVDA,2023-06-08,2023-06-09,2023-06-09,positive,neutral,up,down,1,-1,1,0.0067515488850355,False,True,0.0067515488850355,low
AMD,2023-06-09,2023-06-10,2023-06-12,neutral,positive,up,down,0,-1,1,0.0341819111035053,False,False,0.0341819111035053,high
NVDA,2023-06-09,2023-06-10,2023-06-12,positive,negative,up,down,1,-1,1,0.0183646628174662,False,True,0.0183646628174662,high
AMD,2023-06-12,2023-06-13,2023-06-13,positive,neutral,down,down,1,-1,-1,-0.0360709309857232,True,False,0.0360709309857232,high
NVDA,2023-06-12,2023-06-13,2023-06-13,positive,negative,up,down,1,-1,1,0.0390051409815817,False,True,0.0390051409815817,high
AMD,2023-06-13,2023-06-14,2023-06-14,positive,neutral,up,down,1,-1,1,0.0224845666040696,False,True,0.0224845666040696,high
NVDA,2023-06-13,2023-06-14,2023-06-14,neutral,negative,up,down,0,-1,1,0.0481449544067322,False,False,0.0481449544067322,high
AMD,2023-06-14,2023-06-15,2023-06-15,neutral,negative,down,down,0,-1,-1,-0.0242676817941546,True,False,0.0242676817941546,high
NVDA,2023-06-14,2023-06-15,2023-06-15,negative,neutral,down,down,-1,-1,-1,-0.008000599037955,True,True,0.008000599037955,low
AMD,2023-06-15,2023-06-16,2023-06-16,negative,negative,down,down,-1,-1,-1,-0.0334835488107165,True,True,0.0334835488107165,high
NVDA,2023-06-15,2023-06-16,2023-06-16,neutral,negative,flat,down,0,-1,1,0.0009143897253502,False,False,0.0009143897253502,low
AMD,2023-06-16,2023-06-17,2023-06-20,neutral,positive,down,down,0,-1,-1,-0.0095769612620166,True,False,0.0095769612620166,low
NVDA,2023-06-16,2023-06-17,2023-06-20,neutral,negative,up,down,0,-1,1,0.0261406652148443,False,False,0.0261406652148443,high
AMD,2023-06-20,2023-06-21,2023-06-21,neutral,neutral,down,down,0,-1,-1,-0.0573446538074835,True,False,0.0573446538074835,high
NVDA,2023-06-20,2023-06-21,2023-06-21,neutral,negative,down,down,0,-1,-1,-0.0174169218331864,True,False,0.0174169218331864,high
AMD,2023-06-21,2023-06-22,2023-06-22,neutral,neutral,down,down,0,-1,-1,-0.0125769659658638,True,False,0.0125769659658638,low
NVDA,2023-06-21,2023-06-22,2023-06-22,positive,negative,flat,down,1,-1,-1,-0.0004645520714839,True,False,0.0004645520714839,low
AMD,2023-06-22,2023-06-23,2023-06-23,neutral,neutral,down,down,0,-1,-1,-0.0062330156371578,True,False,0.0062330156371578,low
NVDA,2023-06-22,2023-06-23,2023-06-23,negative,negative,down,down,-1,-1,-1,-0.0189657609099451,True,True,0.0189657609099451,high
AMD,2023-06-23,2023-06-24,2023-06-26,neutral,neutral,down,down,0,-1,-1,-0.0227252063580921,True,False,0.0227252063580921,high
NVDA,2023-06-23,2023-06-24,2023-06-26,neutral,negative,down,down,0,-1,-1,-0.0373616924823829,True,False,0.0373616924823829,high
AMD,2023-06-26,2023-06-27,2023-06-27,neutral,neutral,up,down,0,-1,1,0.0267881796687958,False,False,0.0267881796687958,high
NVDA,2023-06-26,2023-06-27,2023-06-27,positive,positive,up,down,1,-1,1,0.0306162502986686,False,True,0.0306162502986686,high
AMD,2023-06-27,2023-06-28,2023-06-28,negative,neutral,down,down,-1,-1,-1,-0.0019929452116996,True,True,0.0019929452116996,low
NVDA,2023-06-27,2023-06-28,2023-06-28,neutral,negative,down,down,0,-1,-1,-0.0181249135735486,True,False,0.0181249135735486,high
AMD,2023-06-28,2023-06-29,2023-06-29,neutral,neutral,up,down,0,-1,1,0.0097122602578552,False,False,0.0097122602578552,low
NVDA,2023-06-28,2023-06-29,2023-06-29,neutral,positive,down,down,0,-1,-1,-0.0071746960985102,True,False,0.0071746960985102,low
AMD,2023-06-29,2023-06-30,2023-06-30,positive,neutral,up,down,1,-1,1,0.0240022100828307,False,True,0.0240022100828307,high
NVDA,2023-06-29,2023-06-30,2023-06-30,neutral,neutral,up,down,0,-1,1,0.0362549505935854,False,False,0.0362549505935854,high
NVDA,2023-06-30,2023-07-01,2023-07-03,positive,negative,up,down,1,-1,1,0.0026239909678007,False,True,0.0026239909678007,low
AMD,2023-07-03,2023-07-04,2023-07-05,neutral,neutral,down,down,0,-1,-1,-0.0161457671516951,True,False,0.0161457671516951,low
NVDA,2023-07-03,2023-07-04,2023-07-05,neutral,negative,down,down,0,-1,-1,-0.0022633829430778,True,False,0.0022633829430778,low
AMD,2023-07-05,2023-07-06,2023-07-06,neutral,positive,down,down,0,-1,-1,-0.0041245599288789,True,False,0.0041245599288789,low
NVDA,2023-07-05,2023-07-06,2023-07-06,neutral,positive,down,down,0,-1,-1,-0.0050570856892921,True,False,0.0050570856892921,low
AMD,2023-07-06,2023-07-07,2023-07-07,positive,neutral,down,down,1,-1,-1,-0.002731804536639,True,False,0.002731804536639,low
NVDA,2023-07-06,2023-07-07,2023-07-07,neutral,positive,up,down,0,-1,1,0.0095004561454787,False,False,0.0095004561454787,low
AMD,2023-07-07,2023-07-08,2023-07-10,neutral,neutral,up,down,0,-1,1,0.003622900669286,False,False,0.003622900669286,low
NVDA,2023-07-07,2023-07-08,2023-07-10,neutral,negative,down,down,0,-1,-1,-0.0075994179092876,True,False,0.0075994179092876,low
AMD,2023-07-10,2023-07-11,2023-07-11,neutral,neutral,down,down,0,-1,-1,-0.0198978878305717,True,False,0.0198978878305717,high
NVDA,2023-07-10,2023-07-11,2023-07-11,negative,neutral,up,down,-1,-1,1,0.0053342454360647,False,False,0.0053342454360647,low
AMD,2023-07-11,2023-07-12,2023-07-12,negative,neutral,up,down,-1,-1,1,0.0292849635749867,False,False,0.0292849635749867,high
NVDA,2023-07-11,2023-07-12,2023-07-12,neutral,negative,up,down,0,-1,1,0.0353024806283002,False,False,0.0353024806283002,high
AMD,2023-07-12,2023-07-13,2023-07-13,neutral,positive,up,down,0,-1,1,0.0116948535213536,False,False,0.0116948535213536,low
NVDA,2023-07-12,2023-07-13,2023-07-13,positive,negative,up,down,1,-1,1,0.0472643784507751,False,True,0.0472643784507751,high
AMD,2023-07-13,2023-07-14,2023-07-14,positive,neutral,flat,down,1,-1,1,0.0001725696409327,False,True,0.0001725696409327,low
NVDA,2023-07-13,2023-07-14,2023-07-14,positive,positive,down,down,1,-1,-1,-0.0110489898648382,True,False,0.0110489898648382,low
AMD,2023-07-14,2023-07-15,2023-07-17,neutral,neutral,up,down,0,-1,1,0.0205278351155873,False,False,0.0205278351155873,high
NVDA,2023-07-14,2023-07-15,2023-07-17,neutral,positive,up,down,0,-1,1,0.0218169901805673,False,False,0.0218169901805673,high
AMD,2023-07-17,2023-07-18,2023-07-18,negative,negative,down,down,-1,-1,-1,-0.0032961408946444,True,True,0.0032961408946444,low
NVDA,2023-07-17,2023-07-18,2023-07-18,positive,neutral,up,down,1,-1,1,0.0222337224470814,False,True,0.0222337224470814,high
AMD,2023-07-18,2023-07-19,2023-07-19,neutral,neutral,down,down,0,-1,-1,-0.0127194097864694,True,False,0.0127194097864694,low
NVDA,2023-07-18,2023-07-19,2023-07-19,neutral,negative,down,down,0,-1,-1,-0.00878005266875,True,False,0.00878005266875,low
AMD,2023-07-19,2023-07-20,2023-07-20,negative,positive,down,down,-1,-1,-1,-0.0530791058058689,True,True,0.0530791058058689,high
NVDA,2023-07-19,2023-07-20,2023-07-20,neutral,negative,down,down,0,-1,-1,-0.0330734587515243,True,False,0.0330734587515243,high
AMD,2023-07-20,2023-07-21,2023-07-21,positive,neutral,up,down,1,-1,1,0.0063491786688634,False,True,0.0063491786688634,low
NVDA,2023-07-20,2023-07-21,2023-07-21,neutral,positive,down,down,0,-1,-1,-0.0266037420403183,True,False,0.0266037420403183,high
AMD,2023-07-21,2023-07-22,2023-07-24,neutral,positive,down,down,0,-1,-1,-0.0030644105204368,True,False,0.0030644105204368,low
NVDA,2023-07-21,2023-07-22,2023-07-24,neutral,positive,up,down,0,-1,1,0.0068383718149227,False,False,0.0068383718149227,low
AMD,2023-07-24,2023-07-25,2023-07-25,neutral,positive,up,down,0,-1,1,0.0216074439604041,False,False,0.0216074439604041,high
NVDA,2023-07-24,2023-07-25,2023-07-25,neutral,neutral,up,down,0,-1,1,0.0239173620203496,False,False,0.0239173620203496,high
AMD,2023-07-25,2023-07-26,2023-07-26,neutral,positive,down,down,0,-1,-1,-0.0257522447974281,True,False,0.0257522447974281,high
NVDA,2023-07-25,2023-07-26,2023-07-26,neutral,neutral,down,down,0,-1,-1,-0.0049694867650158,True,False,0.0049694867650158,low
AMD,2023-07-26,2023-07-27,2023-07-27,neutral,positive,up,down,0,-1,1,0.0091743316361874,False,False,0.0091743316361874,low
NVDA,2023-07-26,2023-07-27,2023-07-27,positive,negative,up,down,1,-1,1,0.009856592996591,False,True,0.009856592996591,low
AMD,2023-07-27,2023-07-28,2023-07-28,neutral,positive,up,down,0,-1,1,0.0167416798910651,False,False,0.0167416798910651,high
NVDA,2023-07-27,2023-07-28,2023-07-28,positive,positive,up,down,1,-1,1,0.0185184846593491,False,True,0.0185184846593491,high
AMD,2023-07-28,2023-07-29,2023-07-31,positive,negative,up,down,1,-1,1,0.0127478970704435,False,True,0.0127478970704435,low
NVDA,2023-07-28,2023-07-29,2023-07-31,neutral,positive,flat,down,0,-1,-1,-0.0004491959026152,True,False,0.0004491959026152,low
AMD,2023-07-31,2023-08-01,2023-08-01,positive,neutral,up,down,1,-1,1,0.02797200092273,False,True,0.02797200092273,high
NVDA,2023-07-31,2023-08-01,2023-08-01,positive,negative,down,down,1,-1,-1,-0.0047507997525169,True,False,0.0047507997525169,low
AMD,2023-08-01,2023-08-02,2023-08-02,negative,negative,down,down,-1,-1,-1,-0.070153062134737,True,True,0.070153062134737,high
NVDA,2023-08-01,2023-08-02,2023-08-02,negative,neutral,down,down,-1,-1,-1,-0.0481217658389253,True,True,0.0481217658389253,high
AMD,2023-08-02,2023-08-03,2023-08-03,neutral,negative,up,down,0,-1,1,0.0347508285759796,False,False,0.0347508285759796,high
NVDA,2023-08-02,2023-08-03,2023-08-03,positive,neutral,up,down,1,-1,1,0.0055568993420251,False,True,0.0055568993420251,low
AMD,2023-08-03,2023-08-04,2023-08-04,neutral,neutral,up,down,0,-1,1,0.0235969786384373,False,False,0.0235969786384373,high
NVDA,2023-08-03,2023-08-04,2023-08-04,neutral,positive,up,down,0,-1,1,0.0037066363650386,False,False,0.0037066363650386,low
AMD,2023-08-04,2023-08-05,2023-08-07,neutral,positive,up,down,0,-1,1,0.0085477280813166,False,False,0.0085477280813166,low
NVDA,2023-08-04,2023-08-05,2023-08-07,negative,positive,up,down,-1,-1,1,0.0164950650556146,False,False,0.0164950650556146,low
AMD,2023-08-07,2023-08-08,2023-08-08,neutral,neutral,down,down,0,-1,-1,-0.0306480119551785,True,False,0.0306480119551785,high
NVDA,2023-08-07,2023-08-08,2023-08-08,neutral,positive,down,down,0,-1,-1,-0.0165796586099171,True,False,0.0165796586099171,high
AMD,2023-08-08,2023-08-09,2023-08-09,negative,neutral,down,down,-1,-1,-1,-0.0243751837357996,True,True,0.0243751837357996,high
NVDA,2023-08-08,2023-08-09,2023-08-09,negative,positive,down,down,-1,-1,-1,-0.0472416384817737,True,True,0.0472416384817737,high
AMD,2023-08-09,2023-08-10,2023-08-10,neutral,neutral,down,down,0,-1,-1,-0.0021725161683491,True,False,0.0021725161683491,low
NVDA,2023-08-09,2023-08-10,2023-08-10,neutral,positive,down,down,0,-1,-1,-0.0039009344098702,True,False,0.0039009344098702,low
AMD,2023-08-10,2023-08-11,2023-08-11,negative,neutral,down,down,-1,-1,-1,-0.0241313941858104,True,True,0.0241313941858104,high
NVDA,2023-08-10,2023-08-11,2023-08-11,negative,neutral,down,down,-1,-1,-1,-0.036165917910394,True,True,0.036165917910394,high
AMD,2023-08-11,2023-08-12,2023-08-14,neutral,positive,up,down,0,-1,1,0.0409965945395607,False,False,0.0409965945395607,high
NVDA,2023-08-11,2023-08-12,2023-08-14,neutral,neutral,up,down,0,-1,1,0.0709337618965941,False,False,0.0709337618965941,high
AMD,2023-08-14,2023-08-15,2023-08-15,neutral,positive,down,down,0,-1,-1,-0.0056260480793555,True,False,0.0056260480793555,low
NVDA,2023-08-14,2023-08-15,2023-08-15,negative,negative,up,down,-1,-1,1,0.0042739990789553,False,False,0.0042739990789553,low
AMD,2023-08-15,2023-08-16,2023-08-16,negative,neutral,down,down,-1,-1,-1,-0.0373596415780972,True,True,0.0373596415780972,high
NVDA,2023-08-15,2023-08-16,2023-08-16,negative,neutral,down,down,-1,-1,-1,-0.0103322389591032,True,True,0.0103322389591032,low
AMD,2023-08-16,2023-08-17,2023-08-17,positive,neutral,down,down,1,-1,-1,-0.0256553777158764,True,False,0.0256553777158764,high
NVDA,2023-08-16,2023-08-17,2023-08-17,neutral,neutral,down,down,0,-1,-1,-0.003265379451233,True,False,0.003265379451233,low
AMD,2023-08-17,2023-08-18,2023-08-18,neutral,positive,up,down,0,-1,1,0.0096705714594613,False,False,0.0096705714594613,low
NVDA,2023-08-17,2023-08-18,2023-08-18,positive,positive,down,down,1,-1,-1,-0.0010382517027697,True,False,0.0010382517027697,low
AMD,2023-08-18,2023-08-19,2023-08-21,neutral,positive,up,down,0,-1,1,0.0262684149134735,False,False,0.0262684149134735,high
NVDA,2023-08-18,2023-08-19,2023-08-21,neutral,neutral,up,down,0,-1,1,0.0847132563263546,False,False,0.0847132563263546,high
AMD,2023-08-21,2023-08-22,2023-08-22,neutral,negative,down,down,0,-1,-1,-0.0236554937138921,True,False,0.0236554937138921,high
NVDA,2023-08-21,2023-08-22,2023-08-22,negative,positive,down,down,-1,-1,-1,-0.0276577131292693,True,True,0.0276577131292693,high
AMD,2023-08-22,2023-08-23,2023-08-23,neutral,neutral,up,down,0,-1,1,0.035680451565405,False,False,0.035680451565405,high
NVDA,2023-08-22,2023-08-23,2023-08-23,positive,neutral,up,down,1,-1,1,0.0317071447139194,False,True,0.0317071447139194,high
AMD,2023-08-23,2023-08-24,2023-08-24,negative,neutral,down,down,-1,-1,-1,-0.069724913023299,True,True,0.069724913023299,high
NVDA,2023-08-23,2023-08-24,2023-08-24,neutral,negative,flat,down,0,-1,1,0.0009974757871253,False,False,0.0009974757871253,low
AMD,2023-08-24,2023-08-25,2023-08-25,positive,neutral,up,down,1,-1,1,0.0044204021095499,False,True,0.0044204021095499,low
NVDA,2023-08-24,2023-08-25,2023-08-25,neutral,neutral,down,down,0,-1,-1,-0.024277435421386,True,False,0.024277435421386,high
AMD,2023-08-25,2023-08-26,2023-08-28,neutral,positive,up,down,0,-1,1,0.0035207883652963,False,False,0.0035207883652963,low
NVDA,2023-08-25,2023-08-26,2023-08-28,neutral,negative,up,down,0,-1,1,0.0177538680612827,False,False,0.0177538680612827,high
AMD,2023-08-28,2023-08-29,2023-08-29,neutral,neutral,up,down,0,-1,1,0.032258040531186,False,False,0.032258040531186,high
NVDA,2023-08-28,2023-08-29,2023-08-29,positive,positive,up,down,1,-1,1,0.0416142062635807,False,True,0.0416142062635807,high
AMD,2023-08-29,2023-08-30,2023-08-30,neutral,neutral,up,down,0,-1,1,0.0063255115231086,False,False,0.0063255115231086,low
NVDA,2023-08-29,2023-08-30,2023-08-30,negative,positive,up,down,-1,-1,1,0.0098392821075108,False,False,0.0098392821075108,low
AMD,2023-08-30,2023-08-31,2023-08-31,negative,neutral,down,down,-1,-1,-1,-0.008162070992381,True,True,0.008162070992381,low
NVDA,2023-08-30,2023-08-31,2023-08-31,neutral,positive,up,down,0,-1,1,0.0018471825954902,False,False,0.0018471825954902,low
AMD,2023-08-31,2023-09-01,2023-09-01,neutral,positive,up,down,0,-1,1,0.0352818358349453,False,False,0.0352818358349453,high
NVDA,2023-08-31,2023-09-01,2023-09-01,positive,negative,down,down,1,-1,-1,-0.0171411342160532,True,False,0.0171411342160532,high
AMD,2023-09-01,2023-09-02,2023-09-05,neutral,positive,up,down,0,-1,1,0.0121516844964704,False,False,0.0121516844964704,low
NVDA,2023-09-01,2023-09-02,2023-09-05,neutral,positive,flat,down,0,-1,1,0.0008040047362674,False,False,0.0008040047362674,low
AMD,2023-09-05,2023-09-06,2023-09-06,positive,negative,down,down,1,-1,-1,-0.0135403503929296,True,False,0.0135403503929296,low
NVDA,2023-09-05,2023-09-06,2023-09-06,neutral,neutral,down,down,0,-1,-1,-0.0306294698326736,True,False,0.0306294698326736,high
AMD,2023-09-06,2023-09-07,2023-09-07,positive,neutral,down,down,1,-1,-1,-0.0246156887944244,True,False,0.0246156887944244,high
NVDA,2023-09-06,2023-09-07,2023-09-07,negative,neutral,down,down,-1,-1,-1,-0.0174241873412619,True,True,0.0174241873412619,high
AMD,2023-09-07,2023-09-08,2023-09-08,neutral,positive,down,down,0,-1,-1,-0.0046908717251007,True,False,0.0046908717251007,low
NVDA,2023-09-07,2023-09-08,2023-09-08,positive,positive,down,down,1,-1,-1,-0.0144677346212828,True,False,0.0144677346212828,low
AMD,2023-09-08,2023-09-09,2023-09-11,neutral,negative,down,down,0,-1,-1,-0.0072579571085478,True,False,0.0072579571085478,low
NVDA,2023-09-08,2023-09-09,2023-09-11,positive,negative,down,down,1,-1,-1,-0.0086455982734919,True,False,0.0086455982734919,low
AMD,2023-09-11,2023-09-12,2023-09-12,neutral,neutral,flat,down,0,-1,-1,-9.496901119876444e-05,True,False,9.496901119876444e-05,low
NVDA,2023-09-11,2023-09-12,2023-09-12,positive,positive,down,down,1,-1,-1,-0.0068175320366842,True,False,0.0068175320366842,low
AMD,2023-09-12,2023-09-13,2023-09-13,neutral,negative,up,down,0,-1,1,0.0227898735307021,False,False,0.0227898735307021,high
NVDA,2023-09-12,2023-09-13,2023-09-13,positive,positive,up,down,1,-1,1,0.0137063002698174,False,True,0.0137063002698174,low
AMD,2023-09-13,2023-09-14,2023-09-14,positive,positive,down,down,1,-1,-1,-0.0100269412332617,True,False,0.0100269412332617,low
NVDA,2023-09-13,2023-09-14,2023-09-14,positive,negative,up,down,1,-1,1,0.0021106006397386,False,True,0.0021106006397386,low
AMD,2023-09-14,2023-09-15,2023-09-15,negative,positive,down,down,-1,-1,-1,-0.0482040656667435,True,True,0.0482040656667435,high
NVDA,2023-09-14,2023-09-15,2023-09-15,negative,neutral,down,down,-1,-1,-1,-0.0368793951117711,True,True,0.0368793951117711,high
AMD,2023-09-15,2023-09-16,2023-09-18,neutral,negative,up,down,0,-1,1,0.0086708532991963,False,False,0.0086708532991963,low
NVDA,2023-09-15,2023-09-16,2023-09-18,positive,neutral,up,down,1,-1,1,0.0015033730090801,False,True,0.0015033730090801,low
AMD,2023-09-18,2023-09-19,2023-09-19,neutral,positive,down,down,0,-1,-1,-0.0074240706832044,True,False,0.0074240706832044,low
NVDA,2023-09-18,2023-09-19,2023-09-19,positive,neutral,down,down,1,-1,-1,-0.0101441829944115,True,False,0.0101441829944115,low
AMD,2023-09-19,2023-09-20,2023-09-20,neutral,positive,down,down,0,-1,-1,-0.0124988117786858,True,False,0.0124988117786858,low
NVDA,2023-09-19,2023-09-20,2023-09-20,positive,positive,down,down,1,-1,-1,-0.0294347893199347,True,False,0.0294347893199347,high
AMD,2023-09-20,2023-09-21,2023-09-21,negative,neutral,down,down,-1,-1,-1,-0.0421566262898269,True,True,0.0421566262898269,high
NVDA,2023-09-20,2023-09-21,2023-09-21,negative,negative,down,down,-1,-1,-1,-0.028930613129589,True,True,0.028930613129589,high
AMD,2023-09-21,2023-09-22,2023-09-22,neutral,neutral,flat,down,0,-1,1,0.0009363889014577,False,False,0.0009363889014577,low
NVDA,2023-09-21,2023-09-22,2023-09-22,neutral,neutral,up,down,0,-1,1,0.0144574772422054,False,False,0.0144574772422054,low
AMD,2023-09-22,2023-09-23,2023-09-25,neutral,positive,up,down,0,-1,1,0.0122661158275363,False,False,0.0122661158275363,low
NVDA,2023-09-22,2023-09-23,2023-09-25,neutral,neutral,up,down,0,-1,1,0.0147079909334704,False,False,0.0147079909334704,low
AMD,2023-09-25,2023-09-26,2023-09-26,positive,neutral,down,down,1,-1,-1,-0.0145820313102902,True,False,0.0145820313102902,low
NVDA,2023-09-25,2023-09-26,2023-09-26,negative,positive,down,down,-1,-1,-1,-0.0073658477351963,True,True,0.0073658477351963,low
AMD,2023-09-26,2023-09-27,2023-09-27,neutral,negative,up,down,0,-1,1,0.0219883350404594,False,False,0.0219883350404594,high
NVDA,2023-09-26,2023-09-27,2023-09-27,positive,neutral,up,down,1,-1,1,0.0132900483374605,False,True,0.0132900483374605,low
AMD,2023-09-27,2023-09-28,2023-09-28,negative,positive,up,down,-1,-1,1,0.0478230086264981,False,False,0.0478230086264981,high
NVDA,2023-09-27,2023-09-28,2023-09-28,positive,negative,up,down,1,-1,1,0.0146228270493555,False,True,0.0146228270493555,low
AMD,2023-09-28,2023-09-29,2023-09-29,neutral,positive,flat,down,0,-1,1,0.0005838610095998,False,False,0.0005838610095998,low
NVDA,2023-09-28,2023-09-29,2023-09-29,positive,negative,up,down,1,-1,1,0.0095151857952924,False,True,0.0095151857952924,low
AMD,2023-09-29,2023-09-30,2023-10-02,neutral,negative,up,down,0,-1,1,0.0043765507642268,False,False,0.0043765507642268,low
NVDA,2023-09-29,2023-09-30,2023-10-02,neutral,positive,up,down,0,-1,1,0.0294949522941414,False,False,0.0294949522941414,high
AMD,2023-10-02,2023-10-03,2023-10-03,positive,neutral,down,down,1,-1,-1,-0.0308898510284389,True,False,0.0308898510284389,high
NVDA,2023-10-02,2023-10-03,2023-10-03,positive,positive,down,down,1,-1,-1,-0.028248027379409,True,False,0.028248027379409,high
AMD,2023-10-03,2023-10-04,2023-10-04,neutral,neutral,up,down,0,-1,1,0.0398680834409361,False,False,0.0398680834409361,high
NVDA,2023-10-03,2023-10-04,2023-10-04,neutral,neutral,up,down,0,-1,1,0.0120413193872219,False,False,0.0120413193872219,low
AMD,2023-10-04,2023-10-05,2023-10-05,neutral,neutral,down,down,0,-1,-1,-0.0111463057184243,True,False,0.0111463057184243,low
NVDA,2023-10-04,2023-10-05,2023-10-05,positive,positive,up,down,1,-1,1,0.0146908415737816,False,True,0.0146908415737816,low
AMD,2023-10-05,2023-10-06,2023-10-06,neutral,positive,up,down,0,-1,1,0.0420755421977934,False,False,0.0420755421977934,high
NVDA,2023-10-05,2023-10-06,2023-10-06,positive,positive,up,down,1,-1,1,0.0240333270420876,False,True,0.0240333270420876,high
NVDA,2023-10-06,2023-10-07,2023-10-09,neutral,negative,down,down,0,-1,-1,-0.0106857702175532,True,False,0.0106857702175532,low
AMD,2023-10-09,2023-10-10,2023-10-10,neutral,positive,up,down,0,-1,1,0.0190707758460091,False,False,0.0190707758460091,high
NVDA,2023-10-09,2023-10-10,2023-10-10,positive,negative,up,down,1,-1,1,0.0115963496936521,False,True,0.0115963496936521,low
AMD,2023-10-10,2023-10-11,2023-10-11,neutral,neutral,down,down,0,-1,-1,-0.0064214710936517,True,False,0.0064214710936517,low
NVDA,2023-10-10,2023-10-11,2023-10-11,positive,negative,up,down,1,-1,1,0.0220096819244839,False,True,0.0220096819244839,high
AMD,2023-10-11,2023-10-12,2023-10-12,positive,neutral,up,down,1,-1,1,0.0044317548495365,False,True,0.0044317548495365,low
NVDA,2023-10-11,2023-10-12,2023-10-12,positive,neutral,up,down,1,-1,1,0.0029697034501958,False,True,0.0029697034501958,low
AMD,2023-10-12,2023-10-13,2023-10-13,positive,neutral,down,down,1,-1,-1,-0.0340105206958282,True,False,0.0340105206958282,high
NVDA,2023-10-12,2023-10-13,2023-10-13,negative,negative,down,down,-1,-1,-1,-0.0316114851275967,True,True,0.0316114851275967,high
AMD,2023-10-13,2023-10-14,2023-10-16,positive,neutral,up,down,1,-1,1,0.0130364715417548,False,True,0.0130364715417548,low
NVDA,2023-10-13,2023-10-14,2023-10-16,neutral,negative,up,down,0,-1,1,0.0139460791882206,False,False,0.0139460791882206,low
AMD,2023-10-16,2023-10-17,2023-10-17,positive,positive,down,down,1,-1,-1,-0.0123990203473216,True,False,0.0123990203473216,low
NVDA,2023-10-16,2023-10-17,2023-10-17,negative,neutral,down,down,-1,-1,-1,-0.0467946943971991,True,True,0.0467946943971991,high
AMD,2023-10-17,2023-10-18,2023-10-18,neutral,negative,down,down,0,-1,-1,-0.0282480619930033,True,False,0.0282480619930033,high
NVDA,2023-10-17,2023-10-18,2023-10-18,neutral,neutral,down,down,0,-1,-1,-0.0396467884456119,True,False,0.0396467884456119,high
AMD,2023-10-18,2023-10-19,2023-10-19,neutral,negative,up,down,0,-1,1,0.0022511829407421,False,False,0.0022511829407421,low
NVDA,2023-10-18,2023-10-19,2023-10-19,positive,positive,down,down,1,-1,-1,-0.0022513368075079,True,False,0.0022513368075079,low
AMD,2023-10-19,2023-10-20,2023-10-20,neutral,positive,down,down,0,-1,-1,-0.0057617574071622,True,False,0.0057617574071622,low
NVDA,2023-10-19,2023-10-20,2023-10-20,neutral,positive,down,down,0,-1,-1,-0.0169592330919379,True,False,0.0169592330919379,high
NVDA,2023-10-20,2023-10-21,2023-10-23,neutral,positive,up,down,0,-1,1,0.0383694734267128,False,False,0.0383694734267128,high
AMD,2023-10-23,2023-10-24,2023-10-24,neutral,positive,up,down,0,-1,1,0.0165983001425562,False,False,0.0165983001425562,high
NVDA,2023-10-23,2023-10-24,2023-10-24,positive,negative,up,down,1,-1,1,0.0160093019143701,False,True,0.0160093019143701,low
AMD,2023-10-24,2023-10-25,2023-10-25,neutral,neutral,down,down,0,-1,-1,-0.055178525734105,True,False,0.055178525734105,high
NVDA,2023-10-24,2023-10-25,2023-10-25,positive,positive,down,down,1,-1,-1,-0.0431486372567238,True,False,0.0431486372567238,high
AMD,2023-10-25,2023-10-26,2023-10-26,positive,positive,down,down,1,-1,-1,-0.024880277434846,True,False,0.024880277434846,high
NVDA,2023-10-25,2023-10-26,2023-10-26,neutral,positive,down,down,0,-1,-1,-0.0347782172464603,True,False,0.0347782172464603,high
AMD,2023-10-26,2023-10-27,2023-10-27,positive,positive,up,down,1,-1,1,0.0294651669710985,False,True,0.0294651669710985,high
NVDA,2023-10-26,2023-10-27,2023-10-27,negative,negative,up,down,-1,-1,1,0.0043148287818084,False,False,0.0043148287818084,low
NVDA,2023-10-27,2023-10-28,2023-10-30,neutral,positive,up,down,0,-1,1,0.0163209703233506,False,False,0.0163209703233506,low
AMD,2023-10-30,2023-10-31,2023-10-31,positive,positive,up,down,1,-1,1,0.024121435719099,False,True,0.024121435719099,high
NVDA,2023-10-30,2023-10-31,2023-10-31,negative,positive,down,down,-1,-1,-1,-0.0092563476420859,True,True,0.0092563476420859,low
AMD,2023-10-31,2023-11-01,2023-11-01,positive,neutral,up,down,1,-1,1,0.0968528011728664,False,True,0.0968528011728664,high
NVDA,2023-10-31,2023-11-01,2023-11-01,negative,neutral,up,down,-1,-1,1,0.0378862685112915,False,False,0.0378862685112915,high
AMD,2023-11-01,2023-11-02,2023-11-02,positive,neutral,down,down,1,-1,-1,-0.0019437160560267,True,False,0.0019437160560267,low
NVDA,2023-11-01,2023-11-02,2023-11-02,negative,neutral,up,down,-1,-1,1,0.0279031242662961,False,False,0.0279031242662961,high
AMD,2023-11-02,2023-11-03,2023-11-03,neutral,positive,up,down,0,-1,1,0.0409904302502976,False,False,0.0409904302502976,high
NVDA,2023-11-02,2023-11-03,2023-11-03,positive,negative,up,down,1,-1,1,0.0344550299140618,False,True,0.0344550299140618,high
AMD,2023-11-03,2023-11-04,2023-11-06,neutral,positive,down,down,0,-1,-1,-0.0044543429844098,True,False,0.0044543429844098,low
NVDA,2023-11-03,2023-11-04,2023-11-06,neutral,negative,up,down,0,-1,1,0.016575899674778,False,False,0.016575899674778,low
AMD,2023-11-06,2023-11-07,2023-11-07,positive,positive,up,up,1,1,1,0.0152125006554111,True,True,0.0152125006554111,low
NVDA,2023-11-06,2023-11-07,2023-11-07,positive,positive,up,down,1,-1,1,0.0044589710131031,False,True,0.0044589710131031,low
AMD,2023-11-07,2023-11-08,2023-11-08,neutral,negative,up,down,0,-1,1,0.001234018452308,False,False,0.001234018452308,low
NVDA,2023-11-07,2023-11-08,2023-11-08,positive,positive,up,down,1,-1,1,0.013469686792241,False,True,0.013469686792241,low
AMD,2023-11-08,2023-11-09,2023-11-09,positive,positive,flat,down,1,-1,-1,-0.000880345781715,True,False,0.000880345781715,low
NVDA,2023-11-08,2023-11-09,2023-11-09,positive,positive,up,down,1,-1,1,0.0080731618518816,False,True,0.0080731618518816,low
AMD,2023-11-09,2023-11-10,2023-11-10,neutral,neutral,up,down,0,-1,1,0.0449378673902434,False,False,0.0449378673902434,high
NVDA,2023-11-09,2023-11-10,2023-11-10,positive,negative,up,down,1,-1,1,0.0294994312891783,False,True,0.0294994312891783,high
NVDA,2023-11-10,2023-11-11,2023-11-13,positive,positive,up,down,1,-1,1,0.0058963453565816,False,True,0.0058963453565816,low
AMD,2023-11-13,2023-11-14,2023-11-14,positive,positive,up,down,1,-1,1,0.0264577131061551,False,True,0.0264577131061551,high
NVDA,2023-11-13,2023-11-14,2023-11-14,positive,positive,up,down,1,-1,1,0.0213080896926203,False,True,0.0213080896926203,high
AMD,2023-11-14,2023-11-15,2023-11-15,neutral,positive,down,down,0,-1,-1,-0.0156823264638868,True,False,0.0156823264638868,low
NVDA,2023-11-14,2023-11-15,2023-11-15,positive,neutral,down,down,1,-1,-1,-0.0154663639655828,True,False,0.0154663639655828,low
AMD,2023-11-15,2023-11-16,2023-11-16,neutral,positive,up,down,0,-1,1,0.0155084900936837,False,False,0.0155084900936837,low
NVDA,2023-11-15,2023-11-16,2023-11-16,positive,positive,up,down,1,-1,1,0.012109291606168,False,True,0.012109291606168,low
AMD,2023-11-16,2023-11-17,2023-11-17,neutral,neutral,up,down,0,-1,1,0.0065926804928297,False,False,0.0065926804928297,low
NVDA,2023-11-16,2023-11-17,2023-11-17,positive,positive,down,down,1,-1,-1,-0.0036782378380503,True,False,0.0036782378380503,low
AMD,2023-11-17,2023-11-18,2023-11-20,neutral,neutral,up,down,0,-1,1,0.0075443211075587,False,False,0.0075443211075587,low
NVDA,2023-11-17,2023-11-18,2023-11-20,neutral,positive,up,down,0,-1,1,0.0225364122980613,False,False,0.0225364122980613,high
AMD,2023-11-20,2023-11-21,2023-11-21,negative,neutral,down,down,-1,-1,-1,-0.0195013177075028,True,True,0.0195013177075028,high
NVDA,2023-11-20,2023-11-21,2023-11-21,positive,negative,down,down,1,-1,-1,-0.0092245461907248,True,False,0.0092245461907248,low
AMD,2023-11-21,2023-11-22,2023-11-22,positive,neutral,up,down,1,-1,1,0.0281134472236201,False,True,0.0281134472236201,high
NVDA,2023-11-21,2023-11-22,2023-11-22,negative,positive,down,down,-1,-1,-1,-0.024587550754171,True,True,0.024587550754171,high
AMD,2023-11-22,2023-11-23,2023-11-24,neutral,positive,down,down,0,-1,-1,-0.0016325571312481,True,False,0.0016325571312481,low
NVDA,2023-11-22,2023-11-23,2023-11-24,neutral,positive,down,down,0,-1,-1,-0.0192954806298557,True,False,0.0192954806298557,high
NVDA,2023-11-24,2023-11-25,2023-11-27,neutral,positive,up,down,0,-1,1,0.0097538428027932,False,False,0.0097538428027932,low
AMD,2023-11-27,2023-11-28,2023-11-28,neutral,neutral,down,up,0,1,-1,-0.0052180952440786,False,False,0.0052180952440786,low
NVDA,2023-11-27,2023-11-28,2023-11-28,neutral,positive,down,down,0,-1,-1,-0.0087268651645047,True,False,0.0087268651645047,low
AMD,2023-11-28,2023-11-29,2023-11-29,neutral,negative,up,down,0,-1,1,0.0150807008087432,False,False,0.0150807008087432,low
NVDA,2023-11-28,2023-11-29,2023-11-29,positive,neutral,up,down,1,-1,1,0.0066707147454192,False,True,0.0066707147454192,low
AMD,2023-11-29,2023-11-30,2023-11-30,positive,positive,down,down,1,-1,-1,-0.0217197807440732,True,False,0.0217197807440732,high
NVDA,2023-11-29,2023-11-30,2023-11-30,positive,positive,down,down,1,-1,-1,-0.0284586404082788,True,False,0.0284586404082788,high
AMD,2023-11-30,2023-12-01,2023-12-01,positive,neutral,up,down,1,-1,1,0.0018982809556564,False,True,0.0018982809556564,low
NVDA,2023-11-30,2023-12-01,2023-12-01,neutral,positive,flat,down,0,-1,-1,-0.0001069289729802,True,False,0.0001069289729802,low
AMD,2023-12-01,2023-12-02,2023-12-04,neutral,positive,down,down,0,-1,-1,-0.023230906244363,True,False,0.023230906244363,high
NVDA,2023-12-01,2023-12-02,2023-12-04,neutral,positive,down,down,0,-1,-1,-0.0268363323959121,True,False,0.0268363323959121,high
AMD,2023-12-04,2023-12-05,2023-12-05,neutral,positive,down,down,0,-1,-1,-0.0016024495394727,True,False,0.0016024495394727,low
NVDA,2023-12-04,2023-12-05,2023-12-05,neutral,neutral,up,down,0,-1,1,0.0232037708086882,False,False,0.0232037708086882,high
AMD,2023-12-05,2023-12-06,2023-12-06,neutral,neutral,down,down,0,-1,-1,-0.0131778813548562,True,False,0.0131778813548562,low
NVDA,2023-12-05,2023-12-06,2023-12-06,negative,positive,down,down,-1,-1,-1,-0.0228278893795181,True,True,0.0228278893795181,high
AMD,2023-12-06,2023-12-07,2023-12-07,positive,positive,up,down,1,-1,1,0.0988700175700738,False,True,0.0988700175700738,high
NVDA,2023-12-06,2023-12-07,2023-12-07,positive,positive,up,down,1,-1,1,0.0240204461007056,False,True,0.0240204461007056,high
AMD,2023-12-07,2023-12-08,2023-12-08,neutral,negative,up,down,0,-1,1,0.0042845140817815,False,False,0.0042845140817815,low
NVDA,2023-12-07,2023-12-08,2023-12-08,negative,positive,up,down,-1,-1,1,0.0195295697978412,False,False,0.0195295697978412,high
AMD,2023-12-08,2023-12-09,2023-12-11,neutral,negative,up,down,0,-1,1,0.0425845917711664,False,False,0.0425845917711664,high
NVDA,2023-12-08,2023-12-09,2023-12-11,neutral,neutral,down,down,0,-1,-1,-0.0185029597910227,True,False,0.0185029597910227,high
AMD,2023-12-11,2023-12-12,2023-12-12,neutral,positive,up,down,0,-1,1,0.0238077290458722,False,False,0.0238077290458722,high
NVDA,2023-12-11,2023-12-12,2023-12-12,neutral,neutral,up,down,0,-1,1,0.0220902613992584,False,False,0.0220902613992584,high
AMD,2023-12-12,2023-12-13,2023-12-13,neutral,negative,up,down,0,-1,1,0.0042148232576277,False,False,0.0042148232576277,low
NVDA,2023-12-12,2023-12-13,2023-12-13,positive,positive,up,down,1,-1,1,0.0090437866910557,False,True,0.0090437866910557,low
AMD,2023-12-13,2023-12-14,2023-12-14,neutral,negative,down,down,0,-1,-1,-0.001374936233081,True,False,0.001374936233081,low
NVDA,2023-12-13,2023-12-14,2023-12-14,positive,neutral,up,down,1,-1,1,0.0054482868092535,False,True,0.0054482868092535,low
AMD,2023-12-14,2023-12-15,2023-12-15,neutral,positive,up,down,0,-1,1,0.0083332891049592,False,False,0.0083332891049592,low
NVDA,2023-12-14,2023-12-15,2023-12-15,neutral,neutral,up,down,0,-1,1,0.011168581852518,False,False,0.011168581852518,low
