ticker,date_t,date_t1,real_negative,real_neutral,real_positive,generated_negative,generated_neutral,generated_positive,real_label,generated_label,sentiment_match,target_sentiment_label,structured_generated_label,structured_sentiment_match,target_direction_label,generated_direction_label,real_net_sentiment,generated_net_sentiment,kl_divergence
AMD,2023-04-17,2023-04-18,0.2178944994038604,0.7019117631445474,0.08019373745159218,0.011601252675822515,0.1823008091015877,0.8060979382225898,neutral,positive,False,positive,neutral,False,down,down,-0.1377007619522682,0.7944966855467672,1.4002764885805077
NVDA,2023-04-17,2023-04-18,0.06392110234381411,0.05755958791910988,0.878519309737076,0.02088165295303669,0.02588924638992467,0.9532291006570386,positive,positive,True,positive,neutral,False,up,down,0.8145982073932619,0.9323474477040019,0.04580082282171903
AMD,2023-04-18,2023-04-19,0.9729789078635818,0.018217572161920072,0.008803519974498153,0.9732008376993068,0.01703062059853817,0.0097685417021551,negative,negative,True,neutral,neutral,True,up,down,-0.9641753878890836,-0.9634322959971516,8.977764023184064e-05
NVDA,2023-04-18,2023-04-19,0.016325487340862463,0.1396430924049254,0.8440314202542122,0.02794734916149807,0.021854607144132922,0.950198043694369,positive,positive,True,positive,neutral,False,up,down,0.8277059329133497,0.9222506945328709,0.15021504383987194
AMD,2023-04-19,2023-04-20,0.022226193381584224,0.9383482109782719,0.039425595640143855,0.023890184372049855,0.9107189229357182,0.0653908926922319,neutral,neutral,True,positive,neutral,False,up,down,0.01719940225855963,0.041500708320182045,0.006491493233574828
NVDA,2023-04-19,2023-04-20,0.008175174500113621,0.8349680094568652,0.15685681604302112,0.9595506394093595,0.024384333684192336,0.016065026906448246,neutral,negative,False,neutral,neutral,True,down,down,0.1486816415429075,-0.9434856125029112,3.268790023958128
AMD,2023-04-20,2023-04-21,0.00992183217647763,0.8503793620568034,0.13969880576671892,0.014979000967230637,0.9380483522484263,0.04697264678434305,neutral,neutral,True,neutral,neutral,True,down,down,0.1297769735902413,0.031993645817112414,0.06473574075475835
NVDA,2023-04-20,2023-04-21,0.028929699427855754,0.9112897583193313,0.059780542252812846,0.010503326337253812,0.768708810077156,0.22078786358559027,neutral,neutral,True,positive,neutral,False,flat,down,0.030850842824957092,0.21028453724833646,0.10626104290641303
NVDA,2023-04-21,2023-04-22,0.02609938182253736,0.8803163717669451,0.0935842464105175,0.01560253661574823,0.8185165585466962,0.16588090483755547,neutral,neutral,True,neutral,neutral,True,down,down,0.06748486458798014,0.15027836822180723,0.023935416774263363
AMD,2023-04-24,2023-04-25,0.015238258476762748,0.8854108751986255,0.09935086632461176,0.03490150282342913,0.8716797070264871,0.09341879015008378,neutral,neutral,True,neutral,neutral,True,down,down,0.08411260784784902,0.05851728732665465,0.007327050529796265
NVDA,2023-04-24,2023-04-25,0.009024632708045557,0.344583466787972,0.6463919005039824,0.013903772277149546,0.04125580882878851,0.9448404188940619,positive,positive,True,negative,neutral,False,down,down,0.6373672677959369,0.9309366466169123,0.4821163746698908
AMD,2023-04-25,2023-04-26,0.01525829204122667,0.6582730945849411,0.3264686133738322,0.017000275772051567,0.7540459267698338,0.2289537974581146,neutral,neutral,True,positive,neutral,False,up,down,0.3112103213326055,0.21195352168606302,0.024770511159970834
NVDA,2023-04-25,2023-04-26,0.8128267042144117,0.15835817704450028,0.02881511874108799,0.5173721776043335,0.36891177614734555,0.1137160462483209,negative,negative,True,positive,neutral,False,up,down,-0.7840115854733237,-0.40365613135601264,0.19371815097019926
AMD,2023-04-26,2023-04-27,0.021864683891373055,0.9474228444057918,0.030712471702835118,0.023132415789974686,0.7429247595378632,0.2339428246721621,neutral,neutral,True,neutral,neutral,True,up,down,0.008847787811462064,0.2108104088821874,0.16677536788656305
NVDA,2023-04-26,2023-04-27,0.02376634494775841,0.0532448746313411,0.9229887804209005,0.014205515913870778,0.9136907202635228,0.07210376382260635,positive,neutral,False,positive,neutral,False,up,down,0.8992224354731421,0.057898247908735566,2.2140476309779293
AMD,2023-04-27,2023-04-28,0.012262475156643526,0.9096795625504704,0.078057962292886,0.01670809443993761,0.9059061902846449,0.07738571527541747,neutral,neutral,True,neutral,neutral,True,up,down,0.06579548713624248,0.06067762083547987,0.0006629879267561016
NVDA,2023-04-27,2023-04-28,0.06836350128324341,0.04711672339886934,0.8845197753178873,0.9605304396369861,0.017077837839186996,0.02239172252382691,positive,negative,False,positive,neutral,False,up,down,0.8161562740346439,-0.9381387171131592,3.118963044615285
NVDA,2023-04-28,2023-04-29,0.009991679005603823,0.24703638917458243,0.7429719318198138,0.020877383412087887,0.025032176912319747,0.9540904396755924,positive,positive,True,positive,neutral,False,up,down,0.73298025281421,0.9332130562635045,0.3723781468076026
AMD,2023-05-01,2023-05-02,0.8704992115041079,0.10410021458771519,0.025400573908176856,0.01168682031916789,0.5939700492849564,0.39434313039587565,negative,neutral,False,positive,neutral,False,up,down,-0.8450986375959311,0.38265631007670775,3.5014306520637803
NVDA,2023-05-01,2023-05-02,0.9463761519370686,0.02916401273879418,0.024459835324137175,0.041509375285427086,0.8697974150612757,0.08869320965329713,negative,neutral,False,positive,neutral,False,down,down,-0.9219163166129314,0.04718383436787005,2.8285247441866628
AMD,2023-05-02,2023-05-03,0.38649414141458693,0.44870658065994323,0.1647992779254698,0.009039311678185419,0.3147659602712523,0.6761947280505624,neutral,positive,False,positive,neutral,False,down,down,-0.22169486348911713,0.667155416372377,1.377920254788919
NVDA,2023-05-02,2023-05-03,0.025482273346315237,0.3538649167870058,0.6206528098666789,0.016007085770975697,0.9094367806503398,0.07455613357868444,positive,neutral,False,negative,neutral,False,down,down,0.5951705365203637,0.05854904780770875,0.9931308620773244
AMD,2023-05-03,2023-05-04,0.022116480601173646,0.06397699624278579,0.9139065231560406,0.84370887605167,0.043082046738419436,0.11320907720991054,positive,negative,False,positive,neutral,False,up,down,0.8917900425548669,-0.7304997988417594,1.85344719742172
NVDA,2023-05-03,2023-05-04,0.02977002036275467,0.03138094960818316,0.9388490300290622,0.013321873570620682,0.8040595553323867,0.18261857109699264,positive,neutral,False,positive,neutral,False,down,down,0.9090790096663075,0.16929669752637197,1.4592899586807695
AMD,2023-05-04,2023-05-05,0.017645567918502806,0.7943974851727111,0.18795694690878612,0.009081052980916063,0.10840088942753189,0.882518057591552,neutral,positive,False,positive,neutral,False,up,down,0.1703113789902833,0.8734370046106359,1.3032732965392984
NVDA,2023-05-04,2023-05-05,0.01687271002558103,0.7464821519409641,0.23664513803345485,0.04009313166210898,0.8508427206489646,0.10906414768892636,neutral,neutral,True,neutral,neutral,True,up,down,0.21977242800787383,0.06897101602681738,0.07102653902157718
AMD,2023-05-05,2023-05-06,0.9511250354930529,0.03920821140640446,0.009666753100542616,0.6147662630217621,0.039568120225076386,0.3456656167531616,negative,negative,True,neutral,neutral,True,up,down,-0.9414582823925103,-0.2691006462686005,0.3801400855368842
AMD,2023-05-08,2023-05-09,0.016850548084739292,0.8398300518818392,0.14331940003342145,0.009137138860481066,0.08121317746062841,0.9096496836788905,neutral,positive,False,negative,neutral,False,flat,down,0.12646885194868215,0.9005125448184095,1.7074066916802946
NVDA,2023-05-08,2023-05-09,0.02075082338837709,0.7328400329785808,0.2464091436330421,0.6894297497059442,0.0620726486731671,0.2484976016208887,neutral,negative,False,positive,neutral,False,down,down,0.225658320244665,-0.4409321480850555,1.7343294421238542
AMD,2023-05-09,2023-05-10,0.7346308876103992,0.2319086915322623,0.033460420857338545,0.973440337992882,0.016163111421537875,0.01039655058558011,negative,negative,True,positive,neutral,False,up,down,-0.7011704667530606,-0.9630437874073019,0.4500509836382403
NVDA,2023-05-09,2023-05-10,0.030008266605159643,0.8874568641665884,0.08253486922825194,0.011032613631358412,0.7906565526693187,0.19831083369932295,neutral,neutral,True,positive,neutral,False,up,down,0.0525266026230923,0.18727822006796455,0.06017342554236692
AMD,2023-05-10,2023-05-11,0.011113954563070681,0.9143934130654597,0.07449263237146954,0.33139434950641317,0.020624950835480552,0.6479806996581062,neutral,positive,False,positive,neutral,False,flat,down,0.06337867780839886,0.31658635015169306,3.268287178113337
NVDA,2023-05-10,2023-05-11,0.08170193236557685,0.8369006479688423,0.08139741966558081,0.01413630104102767,0.6814210713159203,0.304442627643052,neutral,neutral,True,positive,neutral,False,down,down,-0.00030451269999604014,0.2903063266020244,0.20796171743237424
AMD,2023-05-11,2023-05-12,0.021000823851634896,0.9287146476161092,0.05028452853225592,0.03715375521377672,0.9324479311506733,0.030398313635549998,neutral,neutral,True,neutral,neutral,True,down,down,0.029283704680621025,-0.006755441578226724,0.009601884938486467
NVDA,2023-05-11,2023-05-12,0.008588524775258958,0.2853323300927597,0.7060791451319813,0.12604194222171905,0.8018463431825906,0.07211171459569035,positive,neutral,False,positive,neutral,False,down,down,0.6974906203567224,-0.0539302276260287,1.2930336484872433
NVDA,2023-05-12,2023-05-13,0.028933903448251815,0.9289038854332332,0.04216221111851496,0.028325946632248113,0.019628267479319363,0.9520457858884325,neutral,positive,False,neutral,neutral,True,up,down,0.013228307670263145,0.9237198392561844,3.452005438637539
AMD,2023-05-15,2023-05-16,0.011424268393720408,0.8969817002837991,0.09159403132248056,0.008752460762673686,0.2446361679000403,0.7466113713372861,neutral,positive,False,neutral,neutral,True,up,up,0.08016976292876016,0.7378589105746124,0.9762783162681984
NVDA,2023-05-15,2023-05-16,0.012257880457962415,0.8126413752209013,0.17510074432113626,0.748926090180582,0.15165622553578814,0.09941768428362983,neutral,negative,False,positive,neutral,False,up,down,0.16284286386317384,-0.6495084058969521,1.4128619868790755
AMD,2023-05-16,2023-05-17,0.018957891417647515,0.9400237622867716,0.04101834629558085,0.00825753746498097,0.09468243310731403,0.897060029427705,neutral,positive,False,neutral,neutral,True,up,down,0.022060454877933334,0.8888024919627241,2.0469185643938705
NVDA,2023-05-16,2023-05-17,0.010398645681914353,0.8541921806167477,0.13540917370133787,0.0136607788385949,0.6557413602218762,0.3305978609395288,neutral,neutral,True,positive,neutral,False,up,down,0.12501052801942353,0.3169370821009339,0.1021359161333849
AMD,2023-05-17,2023-05-18,0.017082103487660916,0.2530576122656709,0.7298602842466682,0.9721818946596603,0.015759464969763094,0.012058640370576546,positive,negative,False,positive,neutral,False,up,down,0.7127781807590072,-0.9601232542890837,3.628164023040394
NVDA,2023-05-17,2023-05-18,0.018126149276420808,0.062730538758466,0.9191433119651132,0.9710994425277532,0.014699033585150744,0.014201523887096057,positive,negative,False,positive,neutral,False,up,down,0.9010171626886925,-0.9568979186406571,3.8517775516323702
AMD,2023-05-18,2023-05-19,0.01137112742507844,0.8833171203265471,0.10531175224837454,0.03887348842556913,0.9325073592687873,0.028619152305643637,neutral,neutral,True,neutral,neutral,True,down,down,0.0939406248232961,-0.010254336119925496,0.07535810933992458
NVDA,2023-05-18,2023-05-19,0.7990595310681191,0.1574634056621933,0.0434770632696876,0.9722189613515448,0.01639777931875648,0.011383259329698702,negative,negative,True,positive,neutral,False,down,down,-0.7555824677984315,-0.9608357020218461,0.2577208068750426
AMD,2023-05-22,2023-05-23,0.010810367360324884,0.8165329390565701,0.172656693583105,0.034573463019584,0.6270711036162075,0.3383554333642084,neutral,neutral,True,neutral,neutral,True,up,up,0.1618463262227801,0.3037819703446244,0.08684074899618102
NVDA,2023-05-22,2023-05-23,0.010574692919336406,0.7062029281977728,0.2832223788828908,0.026122671461522393,0.02118950626816669,0.9526878222703109,neutral,positive,False,neutral,neutral,True,down,down,0.27264768596355443,0.9265651508087885,2.1231001067145012
AMD,2023-05-23,2023-05-24,0.15999334275692745,0.5839264653888255,0.2560801918542471,0.021749631583207828,0.02409320995645644,0.9541571584603358,neutral,positive,False,positive,positive,True,up,up,0.09608684909731963,0.9324075268771279,1.8439074990004554
NVDA,2023-05-23,2023-05-24,0.04619117539732112,0.863068477494055,0.09074034710862389,0.017302211245132898,0.054103504463259094,0.928594284291608,neutral,positive,False,positive,neutral,False,down,down,0.044549171711302765,0.9112920730464751,2.2246757484243553
AMD,2023-05-24,2023-05-25,0.02320881213853671,0.06248835171559846,0.9143028361458648,0.11089228881460089,0.04768556426966715,0.8414221469157319,positive,positive,True,positive,positive,True,up,up,0.8910940240073281,0.730529858101131,0.05654423272379347
NVDA,2023-05-24,2023-05-25,0.013902937204513986,0.896969446788229,0.08912761600725705,0.026728282219931666,0.02195481468972785,0.9513169030903404,neutral,positive,False,positive,neutral,False,up,down,0.07522467880274306,0.9245886208704088,3.1076666666134987
AMD,2023-05-25,2023-05-26,0.023227634038185518,0.9422761850558753,0.03449618090593916,0.02866913399598847,0.03576574501220692,0.9355651209918046,neutral,positive,False,positive,positive,True,up,up,0.01126854686775364,0.9068959869958161,2.9637387274798197
NVDA,2023-05-25,2023-05-26,0.11455437541007996,0.7197349071502686,0.1657107174396515,0.01854998942520497,0.7809777652217286,0.20047224535306649,neutral,neutral,True,positive,neutral,False,up,down,0.05115634202957153,0.18192225592786151,0.11822256116200366
AMD,2023-05-26,2023-05-27,0.09330871164743702,0.6671521812785904,0.23953910707397252,0.01609278872781971,0.8291323339404973,0.154774877331683,neutral,neutral,True,neutral,neutral,True,down,down,0.1462303954265355,0.13868208860386327,0.12359825189398387
NVDA,2023-05-26,2023-05-27,0.0197436458211495,0.9289037110327295,0.051352643146120945,0.00865222367701231,0.28397102486207265,0.707376751460915,neutral,positive,False,positive,neutral,False,up,down,0.031608997324971445,0.6987245277839027,0.9824730127641336
AMD,2023-05-30,2023-05-31,0.010492661870153045,0.7714795994434543,0.21802773868639266,0.025396878562041186,0.9478290328189851,0.026774088618973717,neutral,neutral,True,neutral,neutral,True,down,down,0.20753507681623962,0.0013772100569325318,0.2891502976843156
NVDA,2023-05-30,2023-05-31,0.5633559990929365,0.0893776741438411,0.34726632676322244,0.10396670153625426,0.016924780429612932,0.8791085180341328,negative,positive,False,positive,neutral,False,down,down,-0.2160896723297141,0.7751418164978785,0.778168149415156
AMD,2023-05-31,2023-06-01,0.015244785054634804,0.07709793618919562,0.9076572787561695,0.015765153458906465,0.8001759946411846,0.18405885189990892,positive,neutral,False,positive,positive,True,up,up,0.8924124937015347,0.16829369844100245,1.267366236922242
NVDA,2023-05-31,2023-06-01,0.052528095877404694,0.13567539443036641,0.8117965096922289,0.34907432491030244,0.45558106634504,0.19534460874465756,positive,neutral,False,positive,neutral,False,up,down,0.7592684138148242,-0.15372971616564488,0.8925618917460564
AMD,2023-06-01,2023-06-02,0.015547649336602479,0.06807961460746,0.9163727360559375,0.048887803157109944,0.9049753456362716,0.04613685120661843,positive,neutral,False,positive,positive,True,down,up,0.900825086719335,-0.0027509519504915134,2.544915802986752
NVDA,2023-06-01,2023-06-02,0.0292217122366259,0.7519848606593225,0.2187934271040517,0.029644113696607508,0.03752952525458169,0.9328263610488108,neutral,positive,False,positive,neutral,False,down,down,0.1895717148674258,0.9031822473522033,1.9364511989920203
AMD,2023-06-02,2023-06-03,0.012807671410102556,0.8767137225360554,0.11047860605384206,0.02447466884402447,0.023264958978590905,0.9522603721773846,neutral,positive,False,neutral,positive,False,flat,up,0.09767093464373951,0.9277857033333601,2.9355307347303783
NVDA,2023-06-02,2023-06-03,0.00996094329493613,0.6943949085893997,0.2956441481156642,0.024063868602503254,0.026377972563745015,0.9495581588337517,neutral,positive,False,positive,neutral,False,down,down,0.28568320482072806,0.9254942902312485,1.9172711234363986
AMD,2023-06-05,2023-06-06,0.9588726287933222,0.026053419676374527,0.015073951530303173,0.04333528463416468,0.9337211760345737,0.022943539331261635,negative,neutral,False,positive,positive,True,up,up,-0.943798677263019,-0.020391745302903046,2.869850155272524
NVDA,2023-06-05,2023-06-06,0.009652034658205765,0.22783812048191365,0.7625098448598806,0.025042949664195156,0.9101300988181883,0.06482695151761651,positive,neutral,False,positive,neutral,False,down,down,0.7528578102016749,0.03978400185342136,1.554758551184512
AMD,2023-06-06,2023-06-07,0.010105110008854187,0.7385495477018307,0.2513453422893151,0.028712244490442837,0.9404507209327018,0.03083703457685534,neutral,neutral,True,neutral,positive,False,down,up,0.2412402322804609,0.0021247900864125036,0.3383119057417951
NVDA,2023-06-06,2023-06-07,0.020899442216214908,0.03370357185533668,0.9453969859284485,0.02450143446312706,0.021965657206899462,0.9535329083299735,positive,positive,True,positive,neutral,False,down,down,0.9244975437122336,0.9290314738668465,0.0030049780432474414
AMD,2023-06-07,2023-06-08,0.020116040745400424,0.0689037823720397,0.9109801768825598,0.010786358709074354,0.8145500755311952,0.17466356575973044,positive,neutral,False,positive,positive,True,up,up,0.8908641361371594,0.1638772070506561,1.3469789222898338
NVDA,2023-06-07,2023-06-08,0.026035968699231162,0.9015334416466475,0.07243058965412136,0.007471449155327055,0.1267611971584065,0.8657673536862664,neutral,positive,False,positive,neutral,False,up,down,0.04639462095489019,0.8582959045309394,1.6214248916133815
AMD,2023-06-08,2023-06-09,0.25379143677898863,0.545743080719893,0.20046548250111834,0.029750625613631003,0.9371463953172577,0.03310297906911121,neutral,neutral,True,positive,neutral,False,up,down,-0.05332595427787029,0.0033523534554802045,0.6100068499326341
NVDA,2023-06-08,2023-06-09,0.04678281891152163,0.049874612499484,0.9033425685889944,0.012049139668007178,0.49568390779650034,0.4922669525354925,positive,neutral,False,positive,neutral,False,up,down,0.8565597496774728,0.4802178128674853,0.49733041737093775
AMD,2023-06-09,2023-06-10,0.014566201499608137,0.9314242462601625,0.054009552240229367,0.04033916462968898,0.02918425133142655,0.9304765840388844,neutral,positive,False,neutral,neutral,True,up,down,0.03944335074062123,0.8901374194091954,3.057024385767103
NVDA,2023-06-09,2023-06-10,0.0072999822016346465,0.15571452089917093,0.8369854968991944,0.9703132663431111,0.02225752073282514,0.007429212924063734,positive,negative,False,neutral,neutral,True,up,down,0.8296855146975598,-0.9628840534190474,4.221466552283727
AMD,2023-06-12,2023-06-13,0.012311744102359709,0.21905938566934458,0.7686288702282957,0.05984729573016834,0.9018738337000745,0.03827887056975715,positive,neutral,False,positive,neutral,False,down,down,0.756317126125936,-0.021568425160411187,1.9761980928323186
NVDA,2023-06-12,2023-06-13,0.010840724709451303,0.1488881944202999,0.8402710808702488,0.9745934345386522,0.016644927315285718,0.008761638146062019,positive,negative,False,positive,neutral,False,up,down,0.8294303561607975,-0.9658317963925902,4.1119022060735775
AMD,2023-06-13,2023-06-14,0.04438060944207694,0.04533897390967951,0.9102804166482436,0.008028895706342007,0.802187036753451,0.18978406754020696,positive,neutral,False,positive,neutral,False,up,down,0.8658998072061667,0.18175517183386497,1.3728107014201734
NVDA,2023-06-13,2023-06-14,0.01030339976547751,0.7789023699914657,0.2107942302430568,0.971880818328437,0.02037291900780296,0.0077462626637601175,neutral,negative,False,positive,neutral,False,up,down,0.2004908304775793,-0.9641345556646769,3.487618266011314
AMD,2023-06-14,2023-06-15,0.0150893801754217,0.898504890259698,0.0864057295648803,0.9688351135751673,0.017202721071405476,0.013962165353427253,neutral,negative,False,neutral,neutral,True,down,down,0.07131634938945859,-0.9548729482217401,3.6488723718680753
NVDA,2023-06-14,2023-06-15,0.8934935714124742,0.08974701550636693,0.016759413081158886,0.055253525176833004,0.8973388203876336,0.04740765443553343,negative,neutral,False,positive,neutral,False,down,down,-0.8767341583313153,-0.007845870741299575,2.2627137206548693
AMD,2023-06-15,2023-06-16,0.9067785751894651,0.0706095146796527,0.022611910130882196,0.9715018282557116,0.015618384858995476,0.01287978688529294,negative,negative,True,positive,neutral,False,down,down,-0.884166665058583,-0.9586220413704187,0.056738375948340414
NVDA,2023-06-15,2023-06-16,0.00882695259204046,0.6834660299767932,0.30770701743116635,0.9702732698564409,0.012147515250568026,0.017579214892991094,neutral,negative,False,positive,neutral,False,flat,down,0.2988800648391259,-0.9526940549634498,3.5937092869556935
AMD,2023-06-16,2023-06-17,0.12330663949251175,0.8483229279518127,0.028370432555675507,0.010508738066675585,0.18940276692052307,0.8000884950128013,neutral,positive,False,neutral,neutral,True,down,down,-0.09493620693683624,0.7895797569461257,1.4808622098292321
NVDA,2023-06-16,2023-06-17,0.013877081141166793,0.8183708419568141,0.16775207690201915,0.9753694892058116,0.016307966515735243,0.008322544278453243,neutral,negative,False,neutral,neutral,True,up,down,0.15387499576085237,-0.9670469449273583,3.6492966969953193
AMD,2023-06-20,2023-06-21,0.03620088939892585,0.9221381189486639,0.04166099165241026,0.040341817218268454,0.9351476517985357,0.02451053098319593,neutral,neutral,True,neutral,neutral,True,down,down,0.0054601022534844085,-0.015831286235072524,0.0052602376554821495
NVDA,2023-06-20,2023-06-21,0.025571282762503006,0.9178870251932216,0.05654169204427531,0.9737887316508429,0.015708508764653337,0.01050275958450376,neutral,negative,False,positive,neutral,False,down,down,0.030970409281772304,-0.9632859720663391,3.735953220811055
AMD,2023-06-21,2023-06-22,0.04271802630963147,0.8786181113278332,0.07866386236253535,0.009641626124975645,0.871768493252504,0.11858988062252035,neutral,neutral,True,positive,neutral,False,down,down,0.03594583605290388,0.10894825449754471,0.038173056851485185
NVDA,2023-06-21,2023-06-22,0.01793199126067712,0.051602559992804525,0.9304654487465184,0.9590855584357604,0.015203320938800006,0.025711120625439603,positive,negative,False,positive,neutral,False,flat,down,0.9125334574858412,-0.9333744378103208,3.330921259534441
AMD,2023-06-22,2023-06-23,0.008861627066590274,0.8345491544155751,0.15658921851783467,0.019450712007063418,0.8458802290393301,0.13466905895360645,neutral,neutral,True,neutral,neutral,True,down,down,0.1477275914512444,0.11521834694654304,0.005393090542997656
NVDA,2023-06-22,2023-06-23,0.8149127667737293,0.1176972805595875,0.06738995266668323,0.9264738722980961,0.018826516025451392,0.05469961167645252,negative,negative,True,positive,neutral,False,down,down,-0.747522814107046,-0.8717742606216435,0.12522441188550076
AMD,2023-06-23,2023-06-24,0.008440766200546563,0.7747359612113847,0.2168232725880688,0.03443417762283567,0.9403460796986908,0.02521974267847357,neutral,neutral,True,neutral,neutral,True,down,down,0.20838250638752223,-0.0092144349443621,0.3045318319860395
NVDA,2023-06-23,2023-06-24,0.06157155764821505,0.9104123796374759,0.028016062714309085,0.8445895410365235,0.11824096218236226,0.037169496781114225,neutral,negative,False,negative,neutral,False,down,down,-0.033555494933905965,-0.8074200442554093,1.689154391747568
AMD,2023-06-26,2023-06-27,0.013471223112838944,0.8727280302481049,0.1138007466390562,0.013684430452754628,0.8396952928164897,0.14662027673075567,neutral,neutral,True,positive,neutral,False,up,down,0.10032952352621727,0.13293584627800104,0.00462581117221415
NVDA,2023-06-26,2023-06-27,0.01713249170304236,0.03343759266543651,0.9494299156315211,0.026218342061060926,0.02079284820000558,0.9529888097389335,positive,positive,True,positive,neutral,False,up,down,0.9322974239284788,0.9267704676778726,0.005043438469130447
AMD,2023-06-27,2023-06-28,0.6245965221986952,0.32989292599500136,0.045510551806303444,0.012278939654486905,0.5133456015649512,0.47437545878056186,negative,neutral,False,negative,neutral,False,down,down,-0.5790859703923917,0.46209651912607497,2.201625665008066
NVDA,2023-06-27,2023-06-28,0.01596205776703702,0.9012376607202089,0.08280028151275405,0.970841325567073,0.008504359784900216,0.020654314648026726,neutral,negative,False,neutral,neutral,True,down,down,0.06683822374571703,-0.9501870109190463,4.2520399686508314
AMD,2023-06-28,2023-06-29,0.024795431366613902,0.9419932260141534,0.03321134261923273,0.011328435851110503,0.8678841857613792,0.1207873783875103,neutral,neutral,True,neutral,neutral,True,up,down,0.00841591125261883,0.1094589425363998,0.05372957420920352
NVDA,2023-06-28,2023-06-29,0.3126167356967926,0.35171520709991455,0.33566805720329285,0.03531065022330397,0.018478737245136205,0.9462106125315598,neutral,positive,False,positive,neutral,False,down,down,0.023051321506500244,0.9108999623082559,1.3701091513674166
AMD,2023-06-29,2023-06-30,0.007798924928761887,0.2299096092121825,0.7622914658590556,0.18482189544341435,0.7822860129645759,0.03289209159200974,positive,neutral,False,neutral,neutral,True,up,down,0.7544925409302937,-0.15192980385140462,2.0897368682832327
NVDA,2023-06-29,2023-06-30,0.04115751977423132,0.5121459770148256,0.44669650321094306,0.021956060817854655,0.9136981078359595,0.06434583134618581,neutral,neutral,True,positive,neutral,False,up,down,0.40553898343671174,0.04238977052833115,0.59490781048083
NVDA,2023-06-30,2023-07-01,0.022370454923977923,0.02709325151562325,0.9505362935603988,0.9746394844226491,0.018442481927969323,0.006918033649381564,positive,negative,False,neutral,neutral,True,up,down,0.9281658386364209,-0.9677214507732675,4.605377566548166
AMD,2023-07-03,2023-07-04,0.03761921162052181,0.9132421816865097,0.04913860669296846,0.01758494254328225,0.9406771800022897,0.041737877454428036,neutral,neutral,True,neutral,neutral,True,down,down,0.011519395072446655,0.024152934911145788,0.0095985618353894
NVDA,2023-07-03,2023-07-04,0.00972966160726163,0.8578301340611321,0.13244020433160628,0.5838772524026651,0.3095020582638221,0.10662068933351287,neutral,negative,False,neutral,neutral,True,down,down,0.12271054272434465,-0.4772565630691522,0.8633894499090634
AMD,2023-07-05,2023-07-06,0.02130749869018336,0.928782521733291,0.04990997957652568,0.02687412237977738,0.022372805498916137,0.9507530721213064,neutral,positive,False,positive,neutral,False,down,down,0.028602480886342322,0.9238789497415291,3.3086381331128383
NVDA,2023-07-05,2023-07-06,0.019107360179267525,0.9384728565237724,0.042419783296960036,0.027793581080341058,0.020206323194598006,0.952000095725061,neutral,positive,False,positive,neutral,False,down,down,0.02331242311769251,0.9242065146447199,3.4629753095583693
AMD,2023-07-06,2023-07-07,0.015020853741889842,0.3604829883916481,0.6244961578664621,0.024788626523718417,0.9415400291061764,0.03367134437010522,positive,neutral,False,positive,neutral,False,down,down,0.6094753041245722,0.008882717846386806,1.4701006044817728
NVDA,2023-07-06,2023-07-07,0.022119823760837973,0.8298797576506445,0.14800041858851753,0.30135790299439924,0.05524963657091355,0.6433924604346872,neutral,positive,False,positive,neutral,False,up,down,0.12588059482767955,0.342034557440288,1.9732264307933864
AMD,2023-07-07,2023-07-08,0.017719123512506485,0.9449363350868225,0.037344541400671005,0.02264839736259936,0.9472536430868697,0.030097959550530958,neutral,neutral,True,neutral,neutral,True,up,down,0.01962541788816452,0.007449562187931597,0.0013927798936505123
NVDA,2023-07-07,2023-07-08,0.016675822188320425,0.9410620191535053,0.042262158658174294,0.9726798674804512,0.02037170558773115,0.006948426931817659,neutral,negative,False,positive,neutral,False,down,down,0.02558633646985387,-0.9657314405486336,3.6154545771758446
AMD,2023-07-10,2023-07-11,0.0198819655554705,0.8453720792282893,0.13474595521624022,0.012735352080503585,0.7573006886760287,0.22996395924346769,neutral,neutral,True,positive,neutral,False,down,down,0.11486398966076972,0.2172286071629641,0.02983496175808889
NVDA,2023-07-10,2023-07-11,0.8719938126204093,0.11026377641647221,0.017742410963118484,0.023946594056184597,0.9391375165275075,0.036915889416307864,negative,neutral,False,positive,neutral,False,up,down,-0.8542514016572909,0.012969295360123267,2.8855854588319936
AMD,2023-07-11,2023-07-12,0.7938319370725012,0.030592078058122862,0.17557598486937598,0.019254979678670823,0.8396561552417652,0.14108886507956403,negative,neutral,False,positive,neutral,False,up,down,-0.6182559522031252,0.12183388540089321,2.8894086426652574
NVDA,2023-07-11,2023-07-12,0.010409173894972621,0.9071518478452365,0.08243897825979091,0.9744559762402022,0.018789744459589343,0.006754279300208448,neutral,negative,False,positive,neutral,False,up,down,0.07202980436481829,-0.9677016969399937,3.676029846607195
AMD,2023-07-12,2023-07-13,0.011420455325172591,0.9268822316060108,0.06169731306881659,0.023119024749178374,0.03913289220292642,0.9377480830478953,neutral,positive,False,neutral,neutral,True,up,down,0.050276857743643995,0.9146290582987169,2.7575079073191047
NVDA,2023-07-12,2023-07-13,0.03158221244835122,0.023439900746040472,0.9449778868056083,0.9632361306986741,0.029966996284970168,0.006796873016355722,positive,negative,False,positive,neutral,False,up,down,0.9133956743572571,-0.9564392576823184,4.549484467021552
AMD,2023-07-13,2023-07-14,0.05011550897160645,0.3293024371529859,0.6205820538754077,0.021960538475258848,0.8892084442722392,0.08883101725250196,positive,neutral,False,positive,neutral,False,flat,down,0.5704665449038012,0.06687047877724311,0.9205982996450325
NVDA,2023-07-13,2023-07-14,0.031173962170661623,0.029875586781633295,0.9389504510477051,0.010386508461179621,0.3110689373459525,0.6785445541928679,positive,positive,True,positive,neutral,False,down,down,0.9077764888770435,0.6681580457316882,0.2692477543271741
AMD,2023-07-14,2023-07-15,0.0107787012741676,0.8874177617693356,0.10180353695649677,0.020087162772910887,0.9412078927527427,0.03870494447434631,neutral,neutral,True,neutral,neutral,True,up,down,0.09102483568232916,0.018617781701435424,0.03951914447895473
NVDA,2023-07-14,2023-07-15,0.018326550858665636,0.8956285185786226,0.08604493056271173,0.025432950264706468,0.022430340162371696,0.9521367095729218,neutral,positive,False,neutral,neutral,True,up,down,0.0677183797040461,0.9267037593082154,3.089438278471139
AMD,2023-07-17,2023-07-18,0.6193807836506662,0.33012182135361845,0.05049739499571538,0.8656218470598751,0.017601919931133986,0.11677623300899088,negative,negative,True,positive,neutral,False,down,down,-0.5688833886549508,-0.7488456140508842,0.7180789467897747
NVDA,2023-07-17,2023-07-18,0.007482630556089951,0.2933226069057853,0.6991947625381247,0.030672773604568937,0.9289449418747986,0.04038228452063246,positive,neutral,False,positive,neutral,False,up,down,0.6917121319820347,0.009709510916063521,1.6450887248147004
AMD,2023-07-18,2023-07-19,0.019444352269378427,0.9366048696567008,0.04395077807392077,0.02355939607719684,0.942885120052178,0.033555483870625256,neutral,neutral,True,neutral,neutral,True,down,down,0.02450642580454234,0.009996087793428417,0.0018690143176892963
NVDA,2023-07-18,2023-07-19,0.011610493063926697,0.7746768593788147,0.2137126475572586,0.9365659987053498,0.04336432383717717,0.02006967745747297,neutral,negative,False,positive,neutral,False,down,down,0.2021021544933319,-0.9164963212478768,2.687792336416261
AMD,2023-07-19,2023-07-20,0.9733515184628468,0.018691741696034218,0.00795673984111897,0.02435732305715462,0.02598319251058982,0.9496594844322556,negative,positive,False,positive,neutral,False,down,down,-0.9653947786217278,0.9253021613751009,3.5454292067299105
NVDA,2023-07-19,2023-07-20,0.015336845470063084,0.8877454035513767,0.09691775097856022,0.9726165495038419,0.018246163355902362,0.0091372871402557,neutral,negative,False,positive,neutral,False,down,down,0.08158090550849713,-0.9634792623635862,3.613878739055338
AMD,2023-07-20,2023-07-21,0.05310262950595097,0.04464025718984401,0.902257113304205,0.11138988863461632,0.7346696251529017,0.15394048621248194,positive,neutral,False,positive,neutral,False,up,down,0.849154483798254,0.04255059757786561,1.431124716648358
NVDA,2023-07-20,2023-07-21,0.016931097702218626,0.9235461812683019,0.05952272102947949,0.0076135686955931476,0.1436844553565498,0.848701975947857,neutral,positive,False,positive,neutral,False,down,down,0.042591623327260866,0.8410884072522639,1.5737100961013641
AMD,2023-07-21,2023-07-22,0.015591275921812121,0.8361346148964054,0.14827410918178255,0.017062285819674176,0.02982380597019304,0.9531139082101328,neutral,positive,False,neutral,neutral,True,down,down,0.13268283325997043,0.9360516223904586,2.5099451219198294
NVDA,2023-07-21,2023-07-22,0.013718166987716834,0.8819038654402825,0.10437796757200066,0.025575491140036034,0.022257924248721986,0.9521665846112419,neutral,positive,False,positive,neutral,False,up,down,0.09065980058428383,0.9265910934712059,3.005567984169136
AMD,2023-07-24,2023-07-25,0.013247395649877328,0.925137092972129,0.061615511377993655,0.03512121567271219,0.020648948177913937,0.9442298361493738,neutral,positive,False,positive,neutral,False,up,down,0.04836811572811633,0.9091086204766616,3.336534907894445
NVDA,2023-07-24,2023-07-25,0.012355785495468072,0.8333604747132446,0.15428373979128732,0.010127120415514326,0.7908072287494496,0.19906565083503605,neutral,neutral,True,positive,neutral,False,up,down,0.14192795429581925,0.18893853041952172,0.006817926611275485
AMD,2023-07-25,2023-07-26,0.15338872025823,0.6758127716044167,0.17079850813735337,0.02979142602455402,0.022530660117159262,0.9476779138582867,neutral,positive,False,positive,neutral,False,down,down,0.017409787879123367,0.9178864878337327,2.257163702780648
NVDA,2023-07-25,2023-07-26,0.013765011439746783,0.527767997675188,0.45846699088506526,0.012285779749706321,0.8733597104987599,0.11435450975153376,neutral,neutral,True,positive,neutral,False,down,down,0.4447019794453185,0.10206873000182744,0.37235342393140575
AMD,2023-07-26,2023-07-27,0.009185103716673523,0.7444866909542804,0.24632820532904603,0.029964801426386856,0.024055647135713742,0.9459795514378994,neutral,positive,False,positive,neutral,False,up,down,0.2371431016123725,0.9160147500115126,2.2130111627779767
NVDA,2023-07-26,2023-07-27,0.02108015126162658,0.20156178227910274,0.7773580664592706,0.9724968615735191,0.01907573698698258,0.008427401439498269,positive,negative,False,positive,neutral,False,up,down,0.7562779151976441,-0.9640694601340208,3.911537224308098
AMD,2023-07-27,2023-07-28,0.011231069735473845,0.8224572150095784,0.16631171525494784,0.011065853945152249,0.19409182993104024,0.7948423161238075,neutral,positive,False,neutral,neutral,True,up,down,0.15508064551947398,0.7837764621786553,0.9276078529899864
NVDA,2023-07-27,2023-07-28,0.033790382406108196,0.03986956118516916,0.9263400564087226,0.02555095432941937,0.035429831990187975,0.9390192136803927,positive,positive,True,positive,neutral,False,up,down,0.8925496740026144,0.9134682593509733,0.0015582550576562207
AMD,2023-07-28,2023-07-29,0.014926015441059147,0.4579517568378593,0.5271222277210815,0.9514043641268767,0.03672823429618795,0.011867401576935365,positive,negative,False,neutral,neutral,True,up,down,0.5121962122800224,-0.9395369625499413,3.0932075126434477
NVDA,2023-07-28,2023-07-29,0.027019284061656504,0.8842577736618122,0.08872294227653126,0.02977195860010984,0.020739904407520188,0.94948813699237,neutral,positive,False,positive,neutral,False,flat,down,0.06170365821487475,0.9197161783922602,3.1054138723476776
AMD,2023-07-31,2023-08-01,0.024272813660689334,0.07501131645456499,0.9007158698847457,0.011522179061693321,0.6777400730605025,0.31073774787780417,positive,neutral,False,positive,neutral,False,up,down,0.8764430562240564,0.29921556881611083,0.8115543498682282
NVDA,2023-07-31,2023-08-01,0.10457887110937866,0.18762350873561542,0.7077976201550059,0.9706382896679824,0.019533313439909092,0.00982839689210853,positive,negative,False,positive,neutral,False,down,down,0.6032187490456272,-0.9608098927758738,3.218627801938152
AMD,2023-08-01,2023-08-02,0.9686308583685331,0.02125092185458088,0.010118219776886034,0.970066923090572,0.016419655017920864,0.01351342189150717,negative,negative,True,negative,neutral,False,down,down,-0.9585126385916471,-0.9565535011990648,0.0011183985747960895
NVDA,2023-08-01,2023-08-02,0.9726732800827181,0.010617185570059315,0.01670953434722254,0.014126258576109907,0.6547267121425167,0.33114702928137346,negative,neutral,False,negative,neutral,False,down,down,-0.9559637457354956,0.3170207707052636,4.0227001020260476
AMD,2023-08-02,2023-08-03,0.013624965738506146,0.8502794250762634,0.13609560918523045,0.9720243197455549,0.015937698975321466,0.01203798127912361,neutral,negative,False,negative,neutral,False,up,down,0.1224706434467243,-0.9599863384664313,3.653384517247759
NVDA,2023-08-02,2023-08-03,0.02522637820254468,0.07689904980419641,0.8978745719932589,0.011971885583718757,0.8627131162022134,0.12531499821406786,positive,neutral,False,positive,neutral,False,up,down,0.8726481937907142,0.1133431126303491,1.6009861374466092
AMD,2023-08-03,2023-08-04,0.0913171849497943,0.7435469086732485,0.1651359063769572,0.04535232128706694,0.9170140658207762,0.03763361289215689,neutral,neutral,True,positive,neutral,False,up,down,0.07381872142716289,-0.007718708394910054,0.15221052943047705
NVDA,2023-08-03,2023-08-04,0.0485106919293696,0.9158474598263027,0.03564184824432772,0.012432190005635564,0.07642787908468057,0.9111399309096838,neutral,positive,False,positive,neutral,False,up,down,-0.012868843685041875,0.8987077409040483,2.2250348251086187
AMD,2023-08-04,2023-08-05,0.017748228808904542,0.9407493857871878,0.041502385403907625,0.028097560472241264,0.01986916352136528,0.9520332760063934,neutral,positive,False,neutral,neutral,True,up,down,0.023754156595003083,0.9239357155341522,3.490773917177209
NVDA,2023-08-04,2023-08-05,0.9450608445429787,0.044120856355109705,0.010818299101911639,0.030456149269875527,0.0177401281653316,0.9518037225647928,negative,positive,False,neutral,neutral,True,up,down,-0.934242545441067,0.9213475732949173,3.2380113545366576
AMD,2023-08-07,2023-08-08,0.020145841318105186,0.9238180094178395,0.05603614926405529,0.041632679522950564,0.9302461407216119,0.028121179755437552,neutral,neutral,True,neutral,neutral,True,down,down,0.035890307945950106,-0.013511499767513011,0.017605981528590654
NVDA,2023-08-07,2023-08-08,0.009494251651175567,0.7570654217280343,0.23344032662079012,0.011327666093353499,0.22741302572528893,0.7612593081813576,neutral,positive,False,positive,neutral,False,down,down,0.22394607496961455,0.7499316420880041,0.632894923945812
AMD,2023-08-08,2023-08-09,0.9714347657884016,0.016808160572947446,0.01175707363865091,0.020916780683203063,0.9470316622865762,0.03205155703022071,negative,neutral,False,neutral,neutral,True,down,down,-0.9596776921497507,0.011134776347017646,3.649030035702179
NVDA,2023-08-08,2023-08-09,0.9710805028070245,0.019076686761122008,0.009842810431853533,0.02370748668909073,0.022548459470272064,0.9537440538406372,negative,positive,False,negative,neutral,False,down,down,-0.961237692375171,0.9300365671515465,3.557044192788618
AMD,2023-08-09,2023-08-10,0.02227016405641055,0.8927171294261737,0.08501270651741585,0.020675138871380023,0.9450049367549977,0.034319924373622204,neutral,neutral,True,neutral,neutral,True,down,down,0.0627425424610053,0.013644785502242181,0.027954096252084705
NVDA,2023-08-09,2023-08-10,0.09009705819551118,0.8677723134969292,0.04213062830755965,0.02238130002326779,0.02397031514357658,0.9536483848331556,neutral,positive,False,positive,neutral,False,down,down,-0.04796642988795154,0.9312670848098878,3.1085804262316876
AMD,2023-08-10,2023-08-11,0.7235675060255687,0.027411597615431927,0.24902089635899932,0.03946432172254327,0.927908795474261,0.03262688280319577,negative,neutral,False,neutral,neutral,True,down,down,-0.4745466096665694,-0.006837438919347502,2.5142782483161987
NVDA,2023-08-10,2023-08-11,0.959861263626314,0.030643488776101208,0.009495247597584855,0.009409755830062433,0.6236524204375155,0.3669378237324222,negative,neutral,False,negative,neutral,False,down,down,-0.950366016028729,0.35752806790235975,4.312364844879146
AMD,2023-08-11,2023-08-12,0.062106959984503385,0.48188245655508677,0.4560105834604098,0.31377922612438375,0.018163108553498813,0.6680576653221174,neutral,positive,False,neutral,neutral,True,up,down,0.3939036234759064,0.35427843919773366,1.3050246383672814
NVDA,2023-08-11,2023-08-12,0.062106959984503385,0.48188245655508677,0.4560105834604098,0.012608749533637902,0.9064907841917152,0.0809004662746468,neutral,neutral,True,neutral,neutral,True,up,down,0.3939036234759064,0.0682917167410089,0.5831127798139051
AMD,2023-08-14,2023-08-15,0.01506137319966239,0.8984667842893574,0.08647184251098013,0.007541701016425054,0.09908298776751477,0.8933753112160602,neutral,positive,False,positive,neutral,False,down,down,0.07141046931131774,0.8858336101996351,1.7893681832153658
NVDA,2023-08-14,2023-08-15,0.9678975064262536,0.019453025792684594,0.012649467781061772,0.7896657976222762,0.041752527310447055,0.16858167506727678,negative,negative,True,negative,neutral,False,up,down,-0.9552480386451918,-0.6210841225549995,0.14936595233236255
AMD,2023-08-15,2023-08-16,0.9451166613920121,0.03990762281362798,0.014975715794359863,0.011786557734012604,0.915917694568634,0.07229574769735336,negative,neutral,False,neutral,neutral,True,down,down,-0.9301409455976523,0.06050918996334076,3.9950992573361903
NVDA,2023-08-15,2023-08-16,0.9619411458823951,0.024446929802816247,0.013611924314788639,0.02161166484675677,0.9335235531166858,0.04486478203655746,negative,neutral,False,positive,neutral,False,down,down,-0.9483292215676065,0.023253117189800686,3.5459772672335483
AMD,2023-08-16,2023-08-17,0.0554682086745783,0.10513561885702893,0.8393961724683927,0.01976936376811666,0.937023075048654,0.04320756118322928,positive,neutral,False,positive,neutral,False,down,down,0.7839279637938144,0.02343819741511262,2.317454792363932
NVDA,2023-08-16,2023-08-17,0.05032792408630111,0.919076936674806,0.030595139238892854,0.011800341044358736,0.5294499278936551,0.45874973106198613,neutral,neutral,True,positive,neutral,False,down,down,-0.019732784847408254,0.4469493900176274,0.4970555101015941
AMD,2023-08-17,2023-08-18,0.013367718907324083,0.9174151388457037,0.0692171422469722,0.011941499296337407,0.08799050968941989,0.9000679910142427,neutral,positive,False,neutral,neutral,True,up,down,0.05584942333964812,0.8881264917179054,1.9746757280646698
NVDA,2023-08-17,2023-08-18,0.0180922981725293,0.026849462531807436,0.9550582392956632,0.018004343401308954,0.3126884162049274,0.6693072403937637,positive,positive,True,positive,neutral,False,down,down,0.9369659411231339,0.6513028969924547,0.2737247845962364
AMD,2023-08-18,2023-08-19,0.011912231100577066,0.764936849415606,0.2231509194838169,0.025343956026551567,0.02295744737923307,0.9516985965942154,neutral,positive,False,neutral,neutral,True,up,down,0.21123868838323984,0.9263546405676638,2.3493324754286222
NVDA,2023-08-18,2023-08-19,0.08233876649050066,0.8439561850422053,0.0737050484672941,0.030932114680562714,0.8762854068087566,0.09278247851068074,neutral,neutral,True,neutral,neutral,True,up,down,-0.00863371802320656,0.06185036383011802,0.03192224016021289
AMD,2023-08-21,2023-08-22,0.013874098348451443,0.8925081291979224,0.09361777245362611,0.9682954088150786,0.01970302462200168,0.012001566562919777,neutral,negative,False,positive,neutral,False,down,down,0.07974367410517466,-0.9562938422521589,3.5367740095482088
NVDA,2023-08-21,2023-08-22,0.8316701526690997,0.14623994907379226,0.022089898257108057,0.01664032933055557,0.03215563219408837,0.9512040384753561,negative,positive,False,positive,neutral,False,down,down,-0.8095802544119917,0.9345637091448005,3.3915548643445907
AMD,2023-08-22,2023-08-23,0.040731450349263676,0.5865670086899292,0.37270154096080715,0.016597995874617164,0.8294689825254656,0.15393302159991717,neutral,neutral,True,positive,neutral,False,up,down,0.3319700906115435,0.13733502572530001,0.1628858113249236
NVDA,2023-08-22,2023-08-23,0.03646039014963387,0.02551295913350578,0.9380266507168603,0.01598369601472157,0.9325252776856359,0.0514910262996426,positive,neutral,False,positive,neutral,False,up,down,0.9015662605672264,0.03550733028492103,2.66075476600562
AMD,2023-08-23,2023-08-24,0.8614489046343513,0.09750792547202906,0.04104316989361959,0.049985379539266746,0.9117947918749764,0.03821982858575689,negative,neutral,False,positive,neutral,False,down,down,-0.8204057347407318,-0.011765550953509854,2.237394131971963
NVDA,2023-08-23,2023-08-24,0.013101365604267175,0.8748591045230577,0.11203952987267513,0.9750465327183568,0.01643349259368736,0.008519974687955826,neutral,negative,False,positive,neutral,False,flat,down,0.09893816426840796,-0.966526558030401,3.709537761995939
AMD,2023-08-24,2023-08-25,0.04988423995069921,0.37110250143496326,0.5790132586143375,0.11527172662864459,0.8610233247529595,0.02370494861839588,positive,neutral,False,positive,neutral,False,up,down,0.5291290186636383,-0.0915667780102487,1.4962005032601107
NVDA,2023-08-24,2023-08-25,0.018695419549781347,0.8798109839867186,0.10149359646349998,0.01619775704118623,0.8388317432798564,0.14497049967895728,neutral,neutral,True,positive,neutral,False,down,down,0.08279817691371863,0.12877274263777105,0.008459357743788377
AMD,2023-08-25,2023-08-26,0.07141416919088289,0.8728665286776986,0.05571930213141841,0.017477700844881514,0.4572709594480331,0.5252513397070854,neutral,positive,False,neutral,neutral,True,up,down,-0.015694867059464483,0.5077736388622038,0.5398253324880027
NVDA,2023-08-25,2023-08-26,0.013995747147108183,0.8378605881606256,0.14814366469226622,0.9715143875337587,0.017235232228195126,0.011250380238046084,neutral,negative,False,neutral,neutral,True,up,down,0.13414791754515804,-0.9602640072957127,3.5767018876547008
AMD,2023-08-28,2023-08-29,0.08464488260977145,0.8833528625465503,0.03200225484367825,0.2880464499593646,0.6862796557811641,0.02567389425947125,neutral,neutral,True,positive,neutral,False,up,down,-0.05264262776609319,-0.2623725556998934,0.12638333773685875
NVDA,2023-08-28,2023-08-29,0.013573707068736007,0.45534133868725846,0.5310849542440056,0.026537160167905,0.024468251517855855,0.9489945883142391,positive,positive,True,positive,neutral,False,up,down,0.5175112471752696,0.9224574281463341,1.0138834812248099
AMD,2023-08-29,2023-08-30,0.04430441053794591,0.9219353520293428,0.0337602374327112,0.015366121783119698,0.8767167133826752,0.1079171648342051,neutral,neutral,True,positive,neutral,False,up,down,-0.010544173105234714,0.09255104305108541,0.05404789694333213
NVDA,2023-08-29,2023-08-30,0.8938673338413388,0.053702489741947274,0.052430176416713964,0.06197978917140553,0.01718257178145913,0.9208376390471353,negative,positive,False,positive,neutral,False,up,down,-0.8414371574246248,0.8588578498757298,2.296450505862836
AMD,2023-08-30,2023-08-31,0.968503012710481,0.016475591204127744,0.015021396085391268,0.01013663580412097,0.8639327142845943,0.12593064991128472,negative,neutral,False,positive,neutral,False,down,down,-0.9534816166250898,0.11579401410716375,4.318805579045756
NVDA,2023-08-30,2023-08-31,0.030743322006700404,0.920125744784686,0.0491309332086136,0.019199614843736203,0.027943213672926664,0.9528571714833372,neutral,positive,False,positive,neutral,False,up,down,0.018387611201913196,0.9336575566396009,3.0840298626954428
AMD,2023-08-31,2023-09-01,0.029903395627287225,0.9152531214690303,0.05484348290368246,0.023505725842182554,0.23059045637363407,0.7459038177841834,neutral,positive,False,positive,neutral,False,up,down,0.024940087276395236,0.7223980919420008,1.1257798819776945
NVDA,2023-08-31,2023-09-01,0.011385388914448881,0.1100000598002189,0.8786145512853323,0.9516709340549528,0.02621352084487467,0.02211554510017248,positive,negative,False,positive,neutral,False,down,down,0.8672291623708834,-0.9295553889547804,3.3424885937523716
AMD,2023-09-01,2023-09-02,0.026453989957008005,0.9171111448891478,0.05643486515384421,0.022478497493211087,0.02456032017470599,0.9529611823320829,neutral,positive,False,neutral,neutral,True,up,down,0.029980875196836204,0.9304826848388719,3.164826433504582
NVDA,2023-09-01,2023-09-02,0.015227431629955808,0.9099863290226167,0.07478623934742748,0.014672775235665798,0.042416169777406386,0.9429110549869278,neutral,positive,False,positive,neutral,False,flat,down,0.05955880771747167,0.928238279751262,2.6009584149696714
AMD,2023-09-05,2023-09-06,0.008636872710431232,0.282012446733806,0.7093506805557628,0.9748959268938026,0.01605347685366468,0.00905059625253278,positive,negative,False,positive,neutral,False,down,down,0.7007138078453315,-0.9658453306412698,3.8612813074988375
NVDA,2023-09-05,2023-09-06,0.01516934334710513,0.8116150694917811,0.17321558716111377,0.0133829731244911,0.8163140996986737,0.17030292717683515,neutral,neutral,True,positive,neutral,False,down,down,0.15804624381400864,0.15691995405234405,0.0001525637293401732
AMD,2023-09-06,2023-09-07,0.011149986159010465,0.33711259081560024,0.6517374230253893,0.018576376140117645,0.9488392472267151,0.03258437663316727,positive,neutral,False,positive,neutral,False,down,down,0.6405874368663789,0.014008000493049622,1.5979375196750578
NVDA,2023-09-06,2023-09-07,0.9269593193642478,0.05313032367873582,0.01991035695701637,0.03188968207980135,0.932190754466125,0.03591956345407366,negative,neutral,False,negative,neutral,False,down,down,-0.9070489624072314,0.004029881374272314,2.959552158610688
AMD,2023-09-07,2023-09-08,0.00940232532432866,0.7726261572579323,0.21797151741773904,0.11649265885353088,0.26445046067237854,0.6190568804740906,neutral,positive,False,neutral,neutral,True,down,down,0.20856919209341038,0.5025642216205597,0.5771742113883497
NVDA,2023-09-07,2023-09-08,0.007063508285615575,0.2527252657212586,0.7402112259931258,0.02372460706272988,0.021055451584363657,0.9552199413529064,positive,positive,True,positive,neutral,False,down,down,0.7331477177075103,0.9314953342901766,0.4307422774873839
AMD,2023-09-08,2023-09-09,0.03267594908954032,0.8077510866141311,0.15957296429632856,0.9491756156849336,0.03506338668185706,0.015760997633209404,neutral,negative,False,positive,neutral,False,down,down,0.12689701520678823,-0.9334146180517242,2.793314793088119
NVDA,2023-09-08,2023-09-09,0.05101071412140237,0.04981666169650842,0.8991726241820892,0.9698505194054047,0.013877582282439311,0.01627189831215601,positive,negative,False,neutral,neutral,True,down,down,0.8481619100606869,-0.9535786210932486,3.520949882049404
AMD,2023-09-11,2023-09-12,0.01189109573292878,0.8002906329889228,0.18781827127814846,0.011763418728846772,0.8229952247618967,0.16524135650925653,neutral,neutral,True,positive,neutral,False,flat,down,0.17592717554521967,0.15347793778040975,0.0017933309333528044
NVDA,2023-09-11,2023-09-12,0.011012537261307685,0.10755339124636028,0.881434071492332,0.11294500205460943,0.025845990547760968,0.8612090073976296,positive,positive,True,positive,neutral,False,down,down,0.8704215342310243,0.7482640053430202,0.14817805290463573
AMD,2023-09-12,2023-09-13,0.020031447001445882,0.7433761510572167,0.2365924019413375,0.9446778702132237,0.029171950502237046,0.026150179284539304,neutral,negative,False,neutral,neutral,True,up,down,0.2165609549398916,-0.9185276909286844,2.8509466088117947
NVDA,2023-09-12,2023-09-13,0.010350063751639835,0.15710337928245602,0.8325465569659042,0.015561006083036065,0.03509560191356555,0.9493433920033983,positive,positive,True,positive,neutral,False,up,down,0.8221964932142644,0.9337823859203623,0.12195257172136237
AMD,2023-09-13,2023-09-14,0.1368930421407844,0.306659239927485,0.5564477179317306,0.03180858740959254,0.021208052625192132,0.9469833599652153,positive,positive,True,positive,neutral,False,down,down,0.41955467579094624,0.9151747725556227,0.7231186071407677
NVDA,2023-09-13,2023-09-14,0.07355703249073701,0.11649817712981603,0.809944790379447,0.962045000016971,0.0310818790627931,0.0068731209202358735,positive,negative,False,positive,neutral,False,up,down,0.73638775788871,-0.9551718790967352,3.8277165523272454
AMD,2023-09-14,2023-09-15,0.9377045655409099,0.05154123498073563,0.010754199478354457,0.012969274606568682,0.05166758065574788,0.9353631447376834,negative,positive,False,negative,neutral,False,down,down,-0.9269503660625554,0.9223938701311147,3.966023783498021
NVDA,2023-09-14,2023-09-15,0.5322544911813972,0.4108772240017087,0.05686828481689409,0.009863418554505572,0.7585345527861301,0.2316020286593643,negative,neutral,False,positive,neutral,False,down,down,-0.4753862063645031,0.22173861010485874,1.79101922050004
AMD,2023-09-15,2023-09-16,0.00989134960028708,0.790212211055998,0.19989643934371493,0.9692536204055262,0.020669414173249644,0.010076965421224203,neutral,negative,False,positive,neutral,False,up,down,0.19000508974342784,-0.959176654984302,3.431103506935582
NVDA,2023-09-15,2023-09-16,0.011150487272841876,0.4356904757550829,0.5531590369720752,0.06896105203148567,0.6595456999675721,0.2714932480009422,positive,neutral,False,positive,neutral,False,up,down,0.5420085496992334,0.20253219596945654,0.1927253917573259
AMD,2023-09-18,2023-09-19,0.02439969160185011,0.715326470696844,0.26027383770130597,0.011817177867676857,0.23316654780103405,0.7550162743312892,neutral,positive,False,positive,neutral,False,down,down,0.23587414609945587,0.7431990964636123,0.5423682247631993
NVDA,2023-09-18,2023-09-19,0.11223878954773592,0.13663590833682232,0.7511253021154418,0.018827431605288075,0.7314822946295997,0.24969027376511221,positive,neutral,False,positive,neutral,False,down,down,0.6388865125677059,0.23086284215982414,0.7983928967343468
AMD,2023-09-19,2023-09-20,0.4070681843867696,0.5583637051921035,0.03456811042112688,0.01075853900097362,0.23082407399290242,0.7584173870061239,neutral,positive,False,negative,neutral,False,down,down,-0.3725000739656427,0.7476588480051504,1.8654695114348894
NVDA,2023-09-19,2023-09-20,0.011637436127703234,0.04580662366782385,0.9425559402044729,0.02291486528722212,0.025775083254082138,0.9513100514586957,positive,positive,True,neutral,neutral,True,down,down,0.9309185040767697,0.9283951861714737,0.009740990332812066
AMD,2023-09-20,2023-09-21,0.9485317459809298,0.038901399784813266,0.012566854234256918,0.029750253195417693,0.8196803621462115,0.15056938465837075,negative,neutral,False,neutral,neutral,True,down,down,-0.9359648917466729,0.12081913146295306,3.1341155235797378
NVDA,2023-09-20,2023-09-21,0.9603434711662729,0.023415541058261498,0.016240987775465586,0.7382551110630896,0.03518884760099827,0.2265560413359121,negative,negative,True,positive,neutral,False,down,down,-0.9441024833908074,-0.5116990697271775,0.20023161622404637
AMD,2023-09-21,2023-09-22,0.023335310177297168,0.9402480318075574,0.03641665801514543,0.018616173555077414,0.9469607542973812,0.034423072147541284,neutral,neutral,True,neutral,neutral,True,flat,down,0.013081347837848263,0.01580689859246387,0.0006336654717807007
NVDA,2023-09-21,2023-09-22,0.3855467804940474,0.5616528653113326,0.05280035419462,0.010514643063897449,0.654374423570166,0.33511093336593656,neutral,neutral,True,positive,neutral,False,up,down,-0.3327464262994274,0.3245962903020391,1.2053082726427315
AMD,2023-09-22,2023-09-23,0.014606605787244079,0.8167576475255498,0.1686357466872061,0.010730844190918732,0.08485341230134316,0.9044157435077381,neutral,positive,False,neutral,neutral,True,up,down,0.15402914089996203,0.8936848993168194,1.5707521935193511
NVDA,2023-09-22,2023-09-23,0.014721004359961232,0.8908396436619596,0.09443935197807925,0.013452040825064807,0.8952500728445586,0.09129788633037661,neutral,neutral,True,neutral,neutral,True,up,down,0.07971834761811801,0.0778458455053118,0.0001223738956819358
AMD,2023-09-25,2023-09-26,0.14926614912551198,0.42400337982167663,0.4267304710528114,0.02019156425334971,0.9360373793823699,0.04377105636428045,positive,neutral,False,neutral,neutral,True,down,down,0.2774643219272994,0.023579492110930737,0.9345696710246085
NVDA,2023-09-25,2023-09-26,0.9357609801130051,0.0481863136301915,0.016052706256803346,0.009992651715819922,0.3280499005917452,0.6619574476924348,negative,positive,False,negative,neutral,False,down,down,-0.9197082738562018,0.6519647959766148,4.095765474510648
AMD,2023-09-26,2023-09-27,0.010609004975157507,0.9055396400038916,0.08385135502095087,0.9747694726219543,0.018081314853354676,0.007149212524691032,neutral,negative,False,neutral,neutral,True,up,down,0.07324235004579337,-0.9676202600972633,3.7024546960957765
NVDA,2023-09-26,2023-09-27,0.007980533122581238,0.1816602091862308,0.810359257691188,0.015896097299340287,0.8317553052829297,0.15234859741773002,positive,neutral,False,positive,neutral,False,up,down,0.8023787245686067,0.13645250011838972,1.0724815599228945
AMD,2023-09-27,2023-09-28,0.7312946234555334,0.23339895220483167,0.03530642433963489,0.015462625142852895,0.06197910877090067,0.9225582660862465,negative,positive,False,neutral,neutral,True,up,down,-0.6959881991158985,0.9070956409433936,3.014425593358159
NVDA,2023-09-27,2023-09-28,0.017731326969035184,0.07796300686274818,0.9043056661682166,0.9693161077639032,0.018275677834415922,0.012408214401680908,positive,negative,False,positive,neutral,False,up,down,0.8865743391991814,-0.9569078933622223,3.920544496439498
AMD,2023-09-28,2023-09-29,0.010293050448652207,0.8690180592356107,0.12068889031573712,0.02464933274966976,0.022548146125895042,0.9528025211244352,neutral,positive,False,neutral,neutral,True,flat,down,0.11039583986708491,0.9281531883747655,2.915047761007862
NVDA,2023-09-28,2023-09-29,0.04182399265444309,0.3237614200958028,0.6344145872497542,0.9703741092099244,0.0204629687513056,0.00916292203877,positive,negative,False,positive,neutral,False,up,down,0.5925905945953112,-0.9612111871711544,3.4508837072395493
AMD,2023-09-29,2023-09-30,0.15083143564556348,0.5960691748878114,0.25309938946662514,0.9745206227763364,0.011525670987064326,0.013953706236599287,neutral,negative,False,neutral,neutral,True,up,down,0.10226795382106166,-0.9605669165397371,2.804030504807747
NVDA,2023-09-29,2023-09-30,0.11328988592088902,0.5917853956350448,0.29492471844406615,0.025729155215861565,0.02441718433875066,0.9498536604453878,neutral,positive,False,neutral,neutral,True,up,down,0.18163483252317714,0.9241245052295262,1.7095192469471303
AMD,2023-10-02,2023-10-03,0.011744766636739606,0.3218289311409325,0.6664263022223279,0.018008691686894045,0.8809175245207495,0.10107378379235649,positive,neutral,False,positive,neutral,False,down,down,0.6546815355855883,0.08306509210546244,0.9278485724210388
NVDA,2023-10-02,2023-10-03,0.032541704645071355,0.046004606262021,0.9214536890929077,0.179747589517277,0.10241975348084063,0.7178326570018824,positive,positive,True,positive,neutral,False,down,down,0.8889119844478364,0.5380850674846054,0.13766774886767927
AMD,2023-10-03,2023-10-04,0.00959563560623064,0.5426733640372079,0.4477310003565615,0.013135369388394678,0.6924250364487304,0.29443959416287485,neutral,neutral,True,neutral,neutral,True,up,down,0.4381353647503309,0.2813042247744802,0.052394055568609696
NVDA,2023-10-03,2023-10-04,0.026745206611409538,0.644225036940536,0.32902975644805443,0.02251914955732672,0.9309729615143824,0.04650788892829087,neutral,neutral,True,positive,neutral,False,up,down,0.3022845498366449,0.02398873937096415,0.4111630910510482
AMD,2023-10-04,2023-10-05,0.01727886327802076,0.9127352322706509,0.06998590445132837,0.02026623425779069,0.9409954530240036,0.03873831271820575,neutral,neutral,True,neutral,neutral,True,down,down,0.0527070411733076,0.01847207846041506,0.010807149177441903
NVDA,2023-10-04,2023-10-05,0.015449472001932144,0.03179971176087427,0.9527508162371936,0.021058078933723565,0.4004998222012066,0.5784420988650698,positive,positive,True,positive,neutral,False,up,down,0.9373013442352615,0.5573840199313462,0.39009523322165346
AMD,2023-10-05,2023-10-06,0.013724135207654777,0.9385737121170122,0.047702152675333016,0.029210580458472333,0.022775519596830905,0.9480138999446968,neutral,positive,False,neutral,neutral,True,up,down,0.03397801746767824,0.9188033194862244,3.337283395744584
NVDA,2023-10-05,2023-10-06,0.023278673462202505,0.03247909789795939,0.9442422286398381,0.020751701320027353,0.29478391510796687,0.6844643835720058,positive,positive,True,positive,neutral,False,up,down,0.9209635551776356,0.6637126822519784,0.23484382494624503
NVDA,2023-10-06,2023-10-07,0.025671845062898054,0.937805226651903,0.03652292828519895,0.752759879475533,0.03795959828763901,0.20928052223682791,neutral,negative,False,neutral,neutral,True,down,down,0.010851083222300897,-0.5434793572387051,2.8570721331571436
AMD,2023-10-09,2023-10-10,0.03367951487243537,0.8827783995659768,0.08354208556158776,0.009985179928634853,0.37508703361050977,0.6149277864608554,neutral,positive,False,positive,neutral,False,up,down,0.0498625706891524,0.6049426065322205,0.6297685087128032
NVDA,2023-10-09,2023-10-10,0.00861840463102411,0.12781783150625606,0.8635637638627198,0.9736517688336971,0.019191610910957252,0.007156620255345644,positive,negative,False,positive,neutral,False,up,down,0.8549453592316957,-0.9664951485783514,4.340706000910408
AMD,2023-10-10,2023-10-11,0.021686309585018482,0.9414813956742499,0.03683229474073154,0.020272049599765623,0.946321227856251,0.0334067225439834,neutral,neutral,True,positive,neutral,False,down,down,0.015145985155713058,0.013134672944217777,0.00023053931907623297
NVDA,2023-10-10,2023-10-11,0.012129084935110501,0.13588666688095777,0.8519842481839317,0.8578832745552063,0.09153267741203308,0.05058404803276062,positive,negative,False,positive,neutral,False,up,down,0.8398551632488211,-0.8072992265224457,2.407981530505014
AMD,2023-10-11,2023-10-12,0.02310054584499957,0.11893206945557212,0.8579673846994283,0.014350112216025186,0.8498424151583159,0.1358074726256589,positive,neutral,False,positive,neutral,False,up,down,0.8348668388544288,0.12145736040963372,1.3586335748174523
NVDA,2023-10-11,2023-10-12,0.03566964383054127,0.3503882626114964,0.6139420935579624,0.01806091767392575,0.6566162937799647,0.3253227885461095,positive,neutral,False,positive,neutral,False,up,down,0.5782724497274211,0.30726187087218376,0.19411484677439025
AMD,2023-10-12,2023-10-13,0.008370433895055047,0.3189817950176923,0.6726477710872527,0.02222003026124321,0.9316395636596198,0.046140406079137046,positive,neutral,False,neutral,neutral,True,down,down,0.6642773371921976,0.023920375817893837,1.4523212787490225
NVDA,2023-10-12,2023-10-13,0.8576717205937159,0.08478283124123533,0.05754544816504882,0.9125637216596253,0.01352797326525358,0.0739083050751211,negative,negative,True,neutral,neutral,True,down,down,-0.8001262724286671,-0.8386554165845042,0.08799705550401857
AMD,2023-10-13,2023-10-14,0.011200003743171831,0.2866350817171887,0.7021649145396395,0.023883442219381254,0.9420234263211457,0.03409313145947314,positive,neutral,False,neutral,neutral,True,up,down,0.6909649107964676,0.010209689240091885,1.7745740129843852
NVDA,2023-10-13,2023-10-14,0.016015711634824407,0.7702977399055673,0.21368654845960836,0.971277275835092,0.009732011164050995,0.018990713000856953,neutral,negative,False,neutral,neutral,True,up,down,0.19767083682478395,-0.9522865628342351,3.818742042856459
AMD,2023-10-16,2023-10-17,0.03692519913492057,0.10959443082530097,0.8534803700397785,0.010244476427654687,0.19672575244885934,0.7930297711234859,positive,positive,True,positive,neutral,False,down,down,0.816555170904858,0.7827852946958312,0.045926654383039715
NVDA,2023-10-16,2023-10-17,0.9711479021841146,0.019192650374263643,0.009659447441621786,0.024313069789435454,0.9399376476558385,0.035749282554725995,negative,neutral,False,positive,neutral,False,down,down,-0.9614884547424928,0.01143621276529054,3.49374923940835
AMD,2023-10-17,2023-10-18,0.01367918595864914,0.7903056188876123,0.19601519515373853,0.9716484258287088,0.017964656102283212,0.010386918069008006,neutral,negative,False,positive,neutral,False,down,down,0.18233600919508938,-0.9612615077597008,3.5080341676870637
NVDA,2023-10-17,2023-10-18,0.025215834691892293,0.6541152790453206,0.32066888626278706,0.014883482438005335,0.8202963769357267,0.16482014062626799,neutral,neutral,True,negative,neutral,False,down,down,0.29545305157089474,0.14993665818826266,0.07863684424722084
AMD,2023-10-18,2023-10-19,0.013601456502796535,0.8283917145838718,0.1580068289133316,0.9704072656185788,0.01895731536592013,0.010635419015501048,neutral,negative,False,neutral,neutral,True,up,down,0.14440537241053505,-0.9597718466030778,3.4974094350075733
NVDA,2023-10-18,2023-10-19,0.010622269246436476,0.17804868137918442,0.8113290493743791,0.061167382387452375,0.061218646107822426,0.8776139715047252,positive,positive,True,positive,neutral,False,down,down,0.8007067801279426,0.8164465891172729,0.10777349365315123
AMD,2023-10-19,2023-10-20,0.01188159024362535,0.8335200200533873,0.15459838970298737,0.1071757240513933,0.3945571209499861,0.4982671549986206,neutral,positive,False,neutral,neutral,True,down,down,0.14271679945936203,0.3910914309472273,0.4163237663053731
NVDA,2023-10-19,2023-10-20,0.011189308142542558,0.8931816916150789,0.09562900024237857,0.008106601084771521,0.1380580903844777,0.8538353085307508,neutral,positive,False,negative,neutral,False,down,down,0.08443969209983601,0.8457287074459793,1.4619224981374885
NVDA,2023-10-20,2023-10-21,0.01593377447103625,0.9297350679700638,0.05433115755889996,0.019639132178590965,0.029492219360690203,0.9508686484607188,neutral,positive,False,neutral,neutral,True,up,down,0.03839738308786371,0.9312295162821279,3.0494624870927396
AMD,2023-10-23,2023-10-24,0.013166329541406055,0.70336608572172,0.2834675847368739,0.1593892985150094,0.027327915725225204,0.8132827857597654,neutral,positive,False,positive,neutral,False,up,down,0.2703012551954678,0.653893487244756,1.9529089003380433
NVDA,2023-10-23,2023-10-24,0.02745589131831819,0.08714915310449395,0.8853949555771878,0.9655661704927923,0.025783455867104933,0.008650373640102835,positive,negative,False,positive,neutral,False,up,down,0.8579390642588697,-0.9569157968526895,4.106380992181471
AMD,2023-10-24,2023-10-25,0.061678570272401034,0.8630494621295762,0.07527196759802272,0.03157414111653663,0.9257545436704362,0.04267131521302717,neutral,neutral,True,neutral,neutral,True,down,down,0.01359339732562169,0.011097174096490539,0.023490973852431853
NVDA,2023-10-24,2023-10-25,0.024166411013960942,0.041403159884765374,0.9344304291012737,0.01032738648707015,0.23250129407502285,0.757171319437907,positive,positive,True,positive,neutral,False,down,down,0.9102640180873127,0.746843932950837,0.14565790465198553
AMD,2023-10-25,2023-10-26,0.044211972073612514,0.15006930754105058,0.8057187203853369,0.008286803466868194,0.28791035485801963,0.7038028416751122,positive,positive,True,neutral,neutral,True,down,down,0.7615067483117244,0.695516038208244,0.08521007157036736
NVDA,2023-10-25,2023-10-26,0.1979893059437287,0.7263023528619549,0.0757083411943164,0.008060875085992153,0.24692042857202234,0.7450186963419855,neutral,positive,False,positive,neutral,False,down,down,-0.12228096474941232,0.7369578212559933,1.2443006504904535
AMD,2023-10-26,2023-10-27,0.035959214106050186,0.05830546862745832,0.9057353172664915,0.03133555001782831,0.026033489207563078,0.9426309607746086,positive,positive,True,positive,neutral,False,up,down,0.8697761031604413,0.9112954107567803,0.015797584500376723
NVDA,2023-10-26,2023-10-27,0.8850618867180539,0.030504568274894048,0.08443354500705208,0.9699370495059567,0.02305761868540534,0.007005331808637979,negative,negative,True,positive,neutral,False,up,down,-0.8006283417110018,-0.9629317176973188,0.13766917282276742
NVDA,2023-10-27,2023-10-28,0.03263224399986399,0.9393181048507271,0.028049651149408893,0.021870567917077446,0.02948276699038982,0.9486466650925327,neutral,positive,False,neutral,neutral,True,up,down,-0.004582592850455095,0.9267760971754553,3.1656006741149043
AMD,2023-10-30,2023-10-31,0.022226311597620122,0.047639437729707926,0.930134250672672,0.007578653089139551,0.13184622272139246,0.860575124189468,positive,positive,True,positive,neutral,False,up,down,0.9079079390750519,0.8529964711003285,0.04771592507312748
NVDA,2023-10-30,2023-10-31,0.9710148482488948,0.014550886912728782,0.01443426483837641,0.007111701057178602,0.21489916361581152,0.7779891353270099,negative,positive,False,positive,neutral,False,down,down,-0.9565805834105184,0.7708774342698312,4.677362412326955
AMD,2023-10-31,2023-11-01,0.047281809529832075,0.1482775106382642,0.8044406798319037,0.02929910644888878,0.9311072826385498,0.03959361091256142,positive,neutral,False,positive,neutral,False,up,down,0.7571588703020716,0.010294504463672638,2.1727555510469765
NVDA,2023-10-31,2023-11-01,0.7215041029677406,0.050266683850686014,0.22822921318157335,0.029913204626549166,0.843410515507977,0.1266762798654739,negative,neutral,False,positive,neutral,False,up,down,-0.49327488978616724,0.09676307523892472,2.289179469816498
AMD,2023-11-01,2023-11-02,0.04655932990253221,0.07880444050280586,0.8746362295946619,0.03791583428312406,0.9209484698125694,0.04113569590430659,positive,neutral,False,positive,neutral,False,down,down,0.8280768996921297,0.0032198616211825265,2.4895290919609643
NVDA,2023-11-01,2023-11-02,0.5317913293838501,0.13454458117485046,0.33366408944129944,0.010509246862407338,0.8009086176668423,0.18858213547075042,negative,neutral,False,positive,neutral,False,up,down,-0.19812723994255066,0.17807288860834308,2.037128448204735
AMD,2023-11-02,2023-11-03,0.009610783201335559,0.5580330428700927,0.4323561739285718,0.12448808689960934,0.017375130400528727,0.8581367826998619,neutral,positive,False,positive,neutral,False,up,down,0.4227453907272362,0.7336486958002526,1.6150252703014207
NVDA,2023-11-02,2023-11-03,0.44649067424208866,0.022561736712634083,0.5309475890452773,0.7289275202500641,0.18202716790240883,0.08904531184752702,positive,negative,False,positive,neutral,False,up,down,0.08445691480318862,-0.6398822084025371,0.6820598003440207
AMD,2023-11-03,2023-11-04,0.017459088513686973,0.9044667263365026,0.07807418514981045,0.009110461547169548,0.07228538097761873,0.9186041574752117,neutral,positive,False,neutral,neutral,True,down,down,0.060615096636123474,0.9094936959280422,2.104225311055223
NVDA,2023-11-03,2023-11-04,0.017914655815581926,0.9062862024860523,0.07579914169836581,0.9689165669605879,0.020765159955975224,0.010318273083436823,neutral,negative,False,neutral,neutral,True,up,down,0.05788448588278389,-0.9585982938771511,3.5018748292063386
AMD,2023-11-06,2023-11-07,0.022025034323894254,0.03578542997953512,0.9421895356965706,0.008735529285393654,0.10413693801530445,0.8871275326993019,positive,positive,True,positive,neutral,False,up,up,0.9201645013726764,0.8783920034139082,0.0388800553920268
NVDA,2023-11-06,2023-11-07,0.01906318231719123,0.030304059612036194,0.9506327580707725,0.02620525462886284,0.022421894787110777,0.9513728505840264,positive,positive,True,positive,neutral,False,up,down,0.9315695757535813,0.9251675959551636,0.002323178578842384
AMD,2023-11-07,2023-11-08,0.023471256079515758,0.9259657746684583,0.05056296925202597,0.9108284714091635,0.015593980353718041,0.07357754823711853,neutral,negative,False,neutral,neutral,True,up,down,0.02709171317251021,-0.837250923172045,3.6767614364259296
NVDA,2023-11-07,2023-11-08,0.025479436763241693,0.029478448778896743,0.9450421144578616,0.008304346260007327,0.08761950484343427,0.9040761488965584,positive,positive,True,positive,neutral,False,up,down,0.9195626776946199,0.8957718026365511,0.038333025421432534
AMD,2023-11-08,2023-11-09,0.010785991986075617,0.3711506929052354,0.6180633151086891,0.011170092928520989,0.15385574045086003,0.834974166620619,positive,positive,True,positive,neutral,False,flat,down,0.6072773231226134,0.823804073692098,0.14053563529762433
NVDA,2023-11-08,2023-11-09,0.009329819825873416,0.23547344829672048,0.7551967318774061,0.008558557646533729,0.24655009413407397,0.7448913482193923,positive,positive,True,positive,neutral,False,up,down,0.7458669120515327,0.7363327905728586,0.0003573419068702737
AMD,2023-11-09,2023-11-10,0.018308366911099928,0.5083626244081032,0.4733290086807968,0.015018284790587241,0.7902574892356087,0.19472422597380407,neutral,neutral,True,neutral,neutral,True,up,down,0.45502064176969687,0.1797059411832168,0.1997693599528469
NVDA,2023-11-09,2023-11-10,0.06061734959023185,0.13972811296784793,0.7996545374419202,0.8649550402395946,0.11710737212784943,0.017937587632556012,positive,negative,False,positive,neutral,False,up,down,0.7390371878516884,-0.8470174526070385,2.900063564831728
NVDA,2023-11-10,2023-11-11,0.0154446601889485,0.4360191384374596,0.5485362013735919,0.014456393006352349,0.03417969670135837,0.9513639102922893,positive,positive,True,positive,neutral,False,up,down,0.5330915411846434,0.9369075172859369,0.8091018961954982
AMD,2023-11-13,2023-11-14,0.03865256675168474,0.1950186076749201,0.7663288255733952,0.12459852523245192,0.01731751297168897,0.8580839617958591,positive,positive,True,positive,neutral,False,up,down,0.7276762588217105,0.7334854365634071,0.3403067279202332
NVDA,2023-11-13,2023-11-14,0.02581825203516528,0.1694157782724417,0.804765969692393,0.01502289553674797,0.053568326784913946,0.9314087776783381,positive,positive,True,positive,neutral,False,up,down,0.7789477176572277,0.9163858821415901,0.09143180122549985
AMD,2023-11-14,2023-11-15,0.01609987002499547,0.9407473101383376,0.04315281983666696,0.015790154422160498,0.04428445714132594,0.9399253884365135,neutral,positive,False,neutral,neutral,True,down,down,0.02705294981167149,0.924135234014353,2.7423187909011095
NVDA,2023-11-14,2023-11-15,0.008115231187975901,0.15337209646340985,0.8385126723486143,0.05267050744584559,0.8877017895645993,0.05962770298955508,positive,neutral,False,positive,neutral,False,down,down,0.8303974411606384,0.0069571955437094934,1.9321521640945674
AMD,2023-11-15,2023-11-16,0.01795036622259745,0.8013056323588864,0.1807440014185161,0.018555282271355014,0.4305810766664861,0.5508636410621589,neutral,positive,False,positive,neutral,False,up,down,0.16279363519591866,0.5323083587908038,0.2956792978429253
NVDA,2023-11-15,2023-11-16,0.015759966739119214,0.043739984208122425,0.9405000490527584,0.019371378950349478,0.06828888429378475,0.9123397367558658,positive,positive,True,positive,neutral,False,up,down,0.9247400823136392,0.8929683578055163,0.005853374253297358
AMD,2023-11-16,2023-11-17,0.01074206220255875,0.9198089409708539,0.0694489968265874,0.03495899457637241,0.5126549410576022,0.4523860643660253,neutral,neutral,True,neutral,neutral,True,up,down,0.058706934624028644,0.4174270697896529,0.39486705102484393
NVDA,2023-11-16,2023-11-17,0.008450918886024908,0.08862274942953069,0.9029263316844444,0.00911552578451233,0.06714054390914447,0.9237439303063432,positive,positive,True,positive,neutral,False,down,down,0.8944754127984195,0.9146284045218308,0.0033807092548493005
AMD,2023-11-17,2023-11-18,0.011243787458008865,0.8977598439241965,0.09099636861779467,0.015348937650488509,0.8901220187028024,0.0945290436467091,neutral,neutral,True,neutral,neutral,True,up,down,0.07975258115978581,0.07918010599622059,0.0007052642584039234
NVDA,2023-11-17,2023-11-18,0.014585103628235396,0.8725425435646947,0.11287235280706985,0.024636270065370145,0.02461285847888193,0.9507508714557479,neutral,positive,False,neutral,neutral,True,up,down,0.09828724917883445,0.9261146013903777,2.8651798969483306
AMD,2023-11-20,2023-11-21,0.7793533221368997,0.18457538004402965,0.03607129781907068,0.020978977786494542,0.7946319535674604,0.184389068646045,negative,neutral,False,positive,neutral,False,down,down,-0.743282024317829,0.16341009085955047,2.4890191394729273
NVDA,2023-11-20,2023-11-21,0.037396118844604136,0.2863359525313415,0.6762679286240544,0.9364188412429076,0.055939403186975066,0.0076417555701173215,positive,negative,False,negative,neutral,False,down,down,0.6388718097794502,-0.9287770856727903,3.3788064120651384
AMD,2023-11-21,2023-11-22,0.01833934981093508,0.06871849618472607,0.9129421540043389,0.018118122288839703,0.9207506025456722,0.06113127516548805,positive,neutral,False,positive,neutral,False,up,down,0.8946028041934038,0.04301315287664835,2.2901614025814094
NVDA,2023-11-21,2023-11-22,0.7890830996905833,0.06375385630864333,0.14716304400077332,0.009411313562270894,0.06859555089045731,0.9219931355472718,negative,positive,False,positive,neutral,False,down,down,-0.64192005568981,0.9125818219850009,3.2201064268848003
AMD,2023-11-22,2023-11-23,0.009427310881340297,0.7372641549682912,0.25330853415036847,0.035248753651142765,0.020155148866556116,0.9445960974823011,neutral,positive,False,positive,neutral,False,down,down,0.24388122326902817,0.9093473438311583,2.307947608284088
NVDA,2023-11-22,2023-11-23,0.009549881586999633,0.8330183035606602,0.1574318148523402,0.07163490459606904,0.07392335022181122,0.8544417451821198,neutral,positive,False,positive,neutral,False,down,down,0.14788193326534058,0.7828068405860508,1.7320602178370201
NVDA,2023-11-24,2023-11-25,0.013137672281453378,0.9155353979695037,0.07132692974904299,0.10533544029302509,0.04385012907777414,0.8508144306292008,neutral,positive,False,positive,neutral,False,up,down,0.058189257467589614,0.7454789903361757,2.577904124593385
AMD,2023-11-27,2023-11-28,0.009923627692494798,0.8312070447132648,0.15886932759424044,0.02329501397165514,0.9183929257331038,0.058312060295241,neutral,neutral,True,positive,neutral,False,down,up,0.14894569990174564,0.035017046323585856,0.06785249685334782
NVDA,2023-11-27,2023-11-28,0.008617502918106134,0.8301511081450514,0.16123138893684244,0.014305641581561309,0.4596339668035998,0.5260603916148389,neutral,positive,False,positive,neutral,False,down,down,0.1526138860187363,0.5117547500332775,0.29573034159724204
AMD,2023-11-28,2023-11-29,0.03225362937792143,0.9159818580603721,0.0517645125617064,0.7431916456075078,0.02843071839901212,0.22837763599348002,neutral,negative,False,positive,neutral,False,up,down,0.019510883183784973,-0.5148140096140278,3.002747241365525
NVDA,2023-11-28,2023-11-29,0.02065208250980356,0.029518545663606045,0.9498293718265904,0.04988892525103465,0.8556244032271029,0.09448667152186249,positive,neutral,False,positive,neutral,False,up,down,0.9291772893167869,0.04459774627082784,2.0744404192765904
AMD,2023-11-29,2023-11-30,0.03994188800497436,0.057657982724473006,0.9024001292705526,0.0659363796259193,0.24203837098209835,0.6920252493919823,positive,positive,True,neutral,neutral,True,down,down,0.8624582412655782,0.6260888697660629,0.13679337126427926
NVDA,2023-11-29,2023-11-30,0.3460778737331387,0.23783937523487023,0.41608275103199105,0.01964621187675263,0.03882212817440645,0.9415316599488409,positive,positive,True,positive,neutral,False,down,down,0.07000487729885235,0.9218854480720883,1.0841468273847985
AMD,2023-11-30,2023-12-01,0.019056607783192327,0.025835308325554196,0.9551080838912535,0.4502336332548376,0.5146370472613307,0.03512931948383168,positive,neutral,False,positive,neutral,False,up,down,0.9360514761080612,-0.41510431377100593,3.0169641968073253
NVDA,2023-11-30,2023-12-01,0.020900227285178208,0.8851393527175437,0.093960419997278,0.012356744365656609,0.042829999089744,0.9448132565445994,neutral,positive,False,positive,neutral,False,flat,down,0.07306019271209979,0.9324565121789428,2.47476307890926
AMD,2023-12-01,2023-12-02,0.02272685668006964,0.9417020292960561,0.03557111402387427,0.009925586677550351,0.432961624193718,0.5571127891287316,neutral,positive,False,neutral,neutral,True,down,down,0.012844257343804632,0.5471872024511812,0.6527031571980358
NVDA,2023-12-01,2023-12-02,0.014061555790214083,0.9338456144126361,0.05209282979714981,0.008854428487641203,0.2987593473612383,0.6923862241511205,neutral,positive,False,neutral,neutral,True,down,down,0.03803127400693573,0.6835317956634793,0.9360120098800055
AMD,2023-12-04,2023-12-05,0.009380612766982203,0.8255365110142364,0.16508287621878137,0.050635865217429195,0.017342486800956958,0.9320216479816138,neutral,positive,False,neutral,neutral,True,down,down,0.15570226345179916,0.8813857827641846,2.8873844266737065
NVDA,2023-12-04,2023-12-05,0.020279506648664822,0.6056140828629301,0.3741064104884051,0.020347593541700335,0.9209949459973252,0.05865746046097447,neutral,neutral,True,positive,neutral,False,up,down,0.35382690383974025,0.038309866919274134,0.43920548268126314
AMD,2023-12-05,2023-12-06,0.01269168267494475,0.725528690688667,0.2617796266363883,0.0978778906008444,0.8243267597580459,0.07779534964110962,neutral,neutral,True,neutral,neutral,True,down,down,0.24908794396144357,-0.020082540959734774,0.19909713073655189
NVDA,2023-12-05,2023-12-06,0.9496677624024573,0.03043047558997358,0.019901762007569098,0.008666273045050483,0.07727738325898753,0.914056343695962,negative,positive,False,positive,neutral,False,down,down,-0.9297660003948882,0.9053900706509115,4.3557536886133486
AMD,2023-12-06,2023-12-07,0.0512887236590196,0.027026897145284914,0.9216843791956955,0.025106666321108768,0.025178337175019997,0.9497149965038713,positive,positive,True,positive,neutral,False,up,down,0.8703956555366759,0.9246083301827625,0.010939448554627373
NVDA,2023-12-06,2023-12-07,0.024439318515274425,0.26194638452961566,0.7136142969551099,0.029454840950673914,0.021643963154561064,0.9489011958947651,positive,positive,True,positive,neutral,False,up,down,0.6891749784398354,0.9194463549440911,0.44522562177740777
AMD,2023-12-07,2023-12-08,0.2357075021732227,0.5614367378400298,0.2028557599867475,0.9559039465055433,0.02252712798005943,0.021568925514397288,neutral,negative,False,positive,neutral,False,up,down,-0.032851742186475186,-0.9343350209911461,1.930099120566903
NVDA,2023-12-07,2023-12-08,0.5144066367866587,0.4053318621317107,0.08026150108163062,0.02577321221763934,0.0423531716974334,0.9318736160849272,negative,positive,False,positive,neutral,False,up,down,-0.43414513570502805,0.906100403867288,2.2586823068782196
AMD,2023-12-08,2023-12-09,0.02114011038962114,0.8552837474014682,0.12357614220891072,0.8638325406000883,0.12419760331304598,0.011969856086865724,neutral,negative,False,neutral,neutral,True,up,down,0.10243603181928958,-0.8518626845132226,1.8603709261525445
NVDA,2023-12-08,2023-12-09,0.017423619039227563,0.9135795473868282,0.06899683357394425,0.025124115167443218,0.8101150763188933,0.16476080851366348,neutral,neutral,True,neutral,neutral,True,down,down,0.05157321453471668,0.13963669334622025,0.04337264143444346
AMD,2023-12-11,2023-12-12,0.010657061852487909,0.9177320625197107,0.07161087562780141,0.024428088988598183,0.027775370205549738,0.9477965408058521,neutral,positive,False,neutral,neutral,True,up,down,0.0609538137753135,0.9233684518172539,3.0161992849555754
NVDA,2023-12-11,2023-12-12,0.02228122867090761,0.8232200529063145,0.15449871842277788,0.023417548043058754,0.8973270922102657,0.07925535974667548,neutral,neutral,True,positive,neutral,False,up,down,0.13221748975187025,0.05583781170361673,0.031062245168702676
AMD,2023-12-12,2023-12-13,0.011495300408137617,0.8270040709006535,0.1615006286912088,0.9732339572514529,0.0167489930537798,0.010017049694767263,neutral,negative,False,positive,neutral,False,up,down,0.15000532828307117,-0.9632169075566857,3.622862101064736
NVDA,2023-12-12,2023-12-13,0.027698921400853338,0.21495896858109678,0.7573421100180499,0.030774584842555575,0.020438654881233663,0.9487867602762108,positive,positive,True,positive,neutral,False,up,down,0.7296431886171966,0.9180121754336552,0.3322045757220878
AMD,2023-12-13,2023-12-14,0.019908338146237953,0.9060677846898081,0.07402387716395398,0.9705468741615186,0.018758267793150284,0.0106948580453311,neutral,negative,False,neutral,neutral,True,down,down,0.05411553901771603,-0.9598520161161875,3.579089535116692
NVDA,2023-12-13,2023-12-14,0.07621743217709752,0.043484108603279316,0.8802984592196231,0.044984857310004525,0.9315445180207058,0.023470624669289692,positive,neutral,False,positive,neutral,False,up,down,0.8040810270425256,-0.021514232640714833,3.0975837067932077
AMD,2023-12-14,2023-12-15,0.024492517934861263,0.9417661148156786,0.03374136724946016,0.020582553305961985,0.03165738704290073,0.9477600596511373,neutral,positive,False,neutral,neutral,True,up,down,0.009248849314598899,0.9271775063451753,3.0869300225510625
NVDA,2023-12-14,2023-12-15,0.023489027515380755,0.86468109891769,0.11182987356692929,0.03825847745569983,0.9205062547740996,0.04123526777020056,neutral,neutral,True,positive,neutral,False,up,down,0.08834084605154854,0.002976790314500731,0.046015205930696336
